"resource","consumer","res.n","res.m","res.phylum","res.class","res.order","res.family","res.genus","con.n","con.m","con.phylum","con.class","con.order","con.family","con.genus","res.method","con.method","N.records","linkevidence","source.id"
"Baetis","Chironomidae",27.77777778,0.712555345,"Arthropoda","Insecta","Ephemeroptera","Baetidae","Baetis",50,0.95630662,"Arthropoda","Insecta","Diptera","Chironomidae",,"exact","family",10,"@article{Lancraft_1991, doi = {10.1007/bf00240204}, url = {https://doi.org/10.1007%2Fbf00240204}, year = 1991, month = {jun}, publisher = {Springer Nature}, volume = {11}, number = {3}, author = {Thomas M. Lancraft and Thomas L. Hopkins and Joseph J. Torres and Joseph Donnelly}, title = {Oceanic micronektonic/macrozooplanktonic community structure and feeding in ice covered Antarctic waters during the winter ({AMERIEZ} 1988)}, journal = {Polar Biology}},Lancraft, T.M., Hopkins, T.L., Torres, J.J., and Donnelly, J. (1991). Oceanic micronektonic/macrozooplanktonic community structure and feeding in ice covered Antarctic waters during the winter (AMERIEZ 1988). Polar Biol. 11, pp. 157-167.",""
"Baetis","Dicranota",27.77777778,0.712555345,"Arthropoda","Insecta","Ephemeroptera","Baetidae","Baetis",1.388888889,0.456662436,"Arthropoda","Insecta","Diptera","Tipulidae","Dicranota","exact","family",6,"@article{Lancraft_1991, doi = {10.1007/bf00240204}, url = {https://doi.org/10.1007%2Fbf00240204}, year = 1991, month = {jun}, publisher = {Springer Nature}, volume = {11}, number = {3}, author = {Thomas M. Lancraft and Thomas L. Hopkins and Joseph J. Torres and Joseph Donnelly}, title = {Oceanic micronektonic/macrozooplanktonic community structure and feeding in ice covered Antarctic waters during the winter ({AMERIEZ} 1988)}, journal = {Polar Biology}},Lancraft, T.M., Hopkins, T.L., Torres, J.J., and Donnelly, J. (1991). Oceanic micronektonic/macrozooplanktonic community structure and feeding in ice covered Antarctic waters during the winter (AMERIEZ 1988). Polar Biol. 11, pp. 157-167.",""
"Baetis","Doroneuria",27.77777778,0.712555345,"Arthropoda","Insecta","Ephemeroptera","Baetidae","Baetis",1.388888889,47.55178364,"Arthropoda","Insecta","Plecoptera","Perlidae","Doroneuria","exact","exact",1,"@article{Lancraft_1991, doi = {10.1007/bf00240204}, url = {https://doi.org/10.1007%2Fbf00240204}, year = 1991, month = {jun}, publisher = {Springer Nature}, volume = {11}, number = {3}, author = {Thomas M. Lancraft and Thomas L. Hopkins and Joseph J. Torres and Joseph Donnelly}, title = {Oceanic micronektonic/macrozooplanktonic community structure and feeding in ice covered Antarctic waters during the winter ({AMERIEZ} 1988)}, journal = {Polar Biology}},Lancraft, T.M., Hopkins, T.L., Torres, J.J., and Donnelly, J. (1991). Oceanic micronektonic/macrozooplanktonic community structure and feeding in ice covered Antarctic waters during the winter (AMERIEZ 1988). Polar Biol. 11, pp. 157-167.",""
"Baetis","Hydropsyche",27.77777778,0.712555345,"Arthropoda","Insecta","Ephemeroptera","Baetidae","Baetis",8.333333333,5.40467727,"Arthropoda","Insecta","Trichoptera","Hydropsychidae","Hydropsyche","exact","exact",35,"@article{Lancraft_1991, doi = {10.1007/bf00240204}, url = {https://doi.org/10.1007%2Fbf00240204}, year = 1991, month = {jun}, publisher = {Springer Nature}, volume = {11}, number = {3}, author = {Thomas M. Lancraft and Thomas L. Hopkins and Joseph J. Torres and Joseph Donnelly}, title = {Oceanic micronektonic/macrozooplanktonic community structure and feeding in ice covered Antarctic waters during the winter ({AMERIEZ} 1988)}, journal = {Polar Biology}},Lancraft, T.M., Hopkins, T.L., Torres, J.J., and Donnelly, J. (1991). Oceanic micronektonic/macrozooplanktonic community structure and feeding in ice covered Antarctic waters during the winter (AMERIEZ 1988). Polar Biol. 11, pp. 157-167.",""
"Baetis","Oligochaeta",27.77777778,0.712555345,"Arthropoda","Insecta","Ephemeroptera","Baetidae","Baetis",11.11111111,0.506640431,"Annelida","Clitellata",,,,"exact","exact",1,"@article{Lancraft_1991, doi = {10.1007/bf00240204}, url = {https://doi.org/10.1007%2Fbf00240204}, year = 1991, month = {jun}, publisher = {Springer Nature}, volume = {11}, number = {3}, author = {Thomas M. Lancraft and Thomas L. Hopkins and Joseph J. Torres and Joseph Donnelly}, title = {Oceanic micronektonic/macrozooplanktonic community structure and feeding in ice covered Antarctic waters during the winter ({AMERIEZ} 1988)}, journal = {Polar Biology}},Lancraft, T.M., Hopkins, T.L., Torres, J.J., and Donnelly, J. (1991). Oceanic micronektonic/macrozooplanktonic community structure and feeding in ice covered Antarctic waters during the winter (AMERIEZ 1988). Polar Biol. 11, pp. 157-167.",""
"Baetis","Rhyacophila",27.77777778,0.712555345,"Arthropoda","Insecta","Ephemeroptera","Baetidae","Baetis",6.944444444,5.337910712,"Arthropoda","Insecta","Trichoptera","Rhyacophilidae","Rhyacophila","exact","exact",4,"@article{Lancraft_1991, doi = {10.1007/bf00240204}, url = {https://doi.org/10.1007%2Fbf00240204}, year = 1991, month = {jun}, publisher = {Springer Nature}, volume = {11}, number = {3}, author = {Thomas M. Lancraft and Thomas L. Hopkins and Joseph J. Torres and Joseph Donnelly}, title = {Oceanic micronektonic/macrozooplanktonic community structure and feeding in ice covered Antarctic waters during the winter ({AMERIEZ} 1988)}, journal = {Polar Biology}},Lancraft, T.M., Hopkins, T.L., Torres, J.J., and Donnelly, J. (1991). Oceanic micronektonic/macrozooplanktonic community structure and feeding in ice covered Antarctic waters during the winter (AMERIEZ 1988). Polar Biol. 11, pp. 157-167.",""
"Baetis","Suwallia",27.77777778,0.712555345,"Arthropoda","Insecta","Ephemeroptera","Baetidae","Baetis",2.777777778,2.473558448,"Arthropoda","Insecta","Plecoptera","Chloroperlidae","Suwallia","exact","family",17,"@article{Lancraft_1991, doi = {10.1007/bf00240204}, url = {https://doi.org/10.1007%2Fbf00240204}, year = 1991, month = {jun}, publisher = {Springer Nature}, volume = {11}, number = {3}, author = {Thomas M. Lancraft and Thomas L. Hopkins and Joseph J. Torres and Joseph Donnelly}, title = {Oceanic micronektonic/macrozooplanktonic community structure and feeding in ice covered Antarctic waters during the winter ({AMERIEZ} 1988)}, journal = {Polar Biology}},Lancraft, T.M., Hopkins, T.L., Torres, J.J., and Donnelly, J. (1991). Oceanic micronektonic/macrozooplanktonic community structure and feeding in ice covered Antarctic waters during the winter (AMERIEZ 1988). Polar Biol. 11, pp. 157-167.",""
"Brachycentrus","Chironomidae",2.777777778,10.9444965,"Arthropoda","Insecta","Trichoptera","Brachycentridae","Brachycentrus",50,0.95630662,"Arthropoda","Insecta","Diptera","Chironomidae",,"family","family",2,"@article{Lancraft_1991, doi = {10.1007/bf00240204}, url = {https://doi.org/10.1007%2Fbf00240204}, year = 1991, month = {jun}, publisher = {Springer Nature}, volume = {11}, number = {3}, author = {Thomas M. Lancraft and Thomas L. Hopkins and Joseph J. Torres and Joseph Donnelly}, title = {Oceanic micronektonic/macrozooplanktonic community structure and feeding in ice covered Antarctic waters during the winter ({AMERIEZ} 1988)}, journal = {Polar Biology}},Lancraft, T.M., Hopkins, T.L., Torres, J.J., and Donnelly, J. (1991). Oceanic micronektonic/macrozooplanktonic community structure and feeding in ice covered Antarctic waters during the winter (AMERIEZ 1988). Polar Biol. 11, pp. 157-167.",""
"Brachycentrus","Rhyacophila",2.777777778,10.9444965,"Arthropoda","Insecta","Trichoptera","Brachycentridae","Brachycentrus",6.944444444,5.337910712,"Arthropoda","Insecta","Trichoptera","Rhyacophilidae","Rhyacophila","family","genus",4,"@article{Lancraft_1991, doi = {10.1007/bf00240204}, url = {https://doi.org/10.1007%2Fbf00240204}, year = 1991, month = {jun}, publisher = {Springer Nature}, volume = {11}, number = {3}, author = {Thomas M. Lancraft and Thomas L. Hopkins and Joseph J. Torres and Joseph Donnelly}, title = {Oceanic micronektonic/macrozooplanktonic community structure and feeding in ice covered Antarctic waters during the winter ({AMERIEZ} 1988)}, journal = {Polar Biology}},Lancraft, T.M., Hopkins, T.L., Torres, J.J., and Donnelly, J. (1991). Oceanic micronektonic/macrozooplanktonic community structure and feeding in ice covered Antarctic waters during the winter (AMERIEZ 1988). Polar Biol. 11, pp. 157-167.",""
"Chironomidae","Brachycentrus",50,0.95630662,"Arthropoda","Insecta","Diptera","Chironomidae",,2.777777778,10.9444965,"Arthropoda","Insecta","Trichoptera","Brachycentridae","Brachycentrus","exact","family",1,"@article{Lancraft_1991, doi = {10.1007/bf00240204}, url = {https://doi.org/10.1007%2Fbf00240204}, year = 1991, month = {jun}, publisher = {Springer Nature}, volume = {11}, number = {3}, author = {Thomas M. Lancraft and Thomas L. Hopkins and Joseph J. Torres and Joseph Donnelly}, title = {Oceanic micronektonic/macrozooplanktonic community structure and feeding in ice covered Antarctic waters during the winter ({AMERIEZ} 1988)}, journal = {Polar Biology}},Lancraft, T.M., Hopkins, T.L., Torres, J.J., and Donnelly, J. (1991). Oceanic micronektonic/macrozooplanktonic community structure and feeding in ice covered Antarctic waters during the winter (AMERIEZ 1988). Polar Biol. 11, pp. 157-167.",""
"Chironomidae","Chironomidae",50,0.95630662,"Arthropoda","Insecta","Diptera","Chironomidae",,50,0.95630662,"Arthropoda","Insecta","Diptera","Chironomidae",,"exact","exact",1,"@article{Lancraft_1991, doi = {10.1007/bf00240204}, url = {https://doi.org/10.1007%2Fbf00240204}, year = 1991, month = {jun}, publisher = {Springer Nature}, volume = {11}, number = {3}, author = {Thomas M. Lancraft and Thomas L. Hopkins and Joseph J. Torres and Joseph Donnelly}, title = {Oceanic micronektonic/macrozooplanktonic community structure and feeding in ice covered Antarctic waters during the winter ({AMERIEZ} 1988)}, journal = {Polar Biology}},Lancraft, T.M., Hopkins, T.L., Torres, J.J., and Donnelly, J. (1991). Oceanic micronektonic/macrozooplanktonic community structure and feeding in ice covered Antarctic waters during the winter (AMERIEZ 1988). Polar Biol. 11, pp. 157-167.",""
"Chironomidae","Cleptelmis",50,0.95630662,"Arthropoda","Insecta","Diptera","Chironomidae",,1.388888889,0.33255826,"Arthropoda","Insecta","Coleoptera","Elmidae","Cleptelmis","family","family",2,"@article{Lancraft_1991, doi = {10.1007/bf00240204}, url = {https://doi.org/10.1007%2Fbf00240204}, year = 1991, month = {jun}, publisher = {Springer Nature}, volume = {11}, number = {3}, author = {Thomas M. Lancraft and Thomas L. Hopkins and Joseph J. Torres and Joseph Donnelly}, title = {Oceanic micronektonic/macrozooplanktonic community structure and feeding in ice covered Antarctic waters during the winter ({AMERIEZ} 1988)}, journal = {Polar Biology}},Lancraft, T.M., Hopkins, T.L., Torres, J.J., and Donnelly, J. (1991). Oceanic micronektonic/macrozooplanktonic community structure and feeding in ice covered Antarctic waters during the winter (AMERIEZ 1988). Polar Biol. 11, pp. 157-167.",""
"Chironomidae","Dicranota",50,0.95630662,"Arthropoda","Insecta","Diptera","Chironomidae",,1.388888889,0.456662436,"Arthropoda","Insecta","Diptera","Tipulidae","Dicranota","family","exact",103,"@article{Lancraft_1991, doi = {10.1007/bf00240204}, url = {https://doi.org/10.1007%2Fbf00240204}, year = 1991, month = {jun}, publisher = {Springer Nature}, volume = {11}, number = {3}, author = {Thomas M. Lancraft and Thomas L. Hopkins and Joseph J. Torres and Joseph Donnelly}, title = {Oceanic micronektonic/macrozooplanktonic community structure and feeding in ice covered Antarctic waters during the winter ({AMERIEZ} 1988)}, journal = {Polar Biology}},Lancraft, T.M., Hopkins, T.L., Torres, J.J., and Donnelly, J. (1991). Oceanic micronektonic/macrozooplanktonic community structure and feeding in ice covered Antarctic waters during the winter (AMERIEZ 1988). Polar Biol. 11, pp. 157-167.",""
"Chironomidae","Doroneuria",50,0.95630662,"Arthropoda","Insecta","Diptera","Chironomidae",,1.388888889,47.55178364,"Arthropoda","Insecta","Plecoptera","Perlidae","Doroneuria","exact","family",3,"@article{Lancraft_1991, doi = {10.1007/bf00240204}, url = {https://doi.org/10.1007%2Fbf00240204}, year = 1991, month = {jun}, publisher = {Springer Nature}, volume = {11}, number = {3}, author = {Thomas M. Lancraft and Thomas L. Hopkins and Joseph J. Torres and Joseph Donnelly}, title = {Oceanic micronektonic/macrozooplanktonic community structure and feeding in ice covered Antarctic waters during the winter ({AMERIEZ} 1988)}, journal = {Polar Biology}},Lancraft, T.M., Hopkins, T.L., Torres, J.J., and Donnelly, J. (1991). Oceanic micronektonic/macrozooplanktonic community structure and feeding in ice covered Antarctic waters during the winter (AMERIEZ 1988). Polar Biol. 11, pp. 157-167.",""
"Chironomidae","Drunella",50,0.95630662,"Arthropoda","Insecta","Diptera","Chironomidae",,1.388888889,4.884692448,"Arthropoda","Insecta","Ephemeroptera","Ephemerellidae","Drunella","exact","family",7,"@article{Lancraft_1991, doi = {10.1007/bf00240204}, url = {https://doi.org/10.1007%2Fbf00240204}, year = 1991, month = {jun}, publisher = {Springer Nature}, volume = {11}, number = {3}, author = {Thomas M. Lancraft and Thomas L. Hopkins and Joseph J. Torres and Joseph Donnelly}, title = {Oceanic micronektonic/macrozooplanktonic community structure and feeding in ice covered Antarctic waters during the winter ({AMERIEZ} 1988)}, journal = {Polar Biology}},Lancraft, T.M., Hopkins, T.L., Torres, J.J., and Donnelly, J. (1991). Oceanic micronektonic/macrozooplanktonic community structure and feeding in ice covered Antarctic waters during the winter (AMERIEZ 1988). Polar Biol. 11, pp. 157-167.",""
"Chironomidae","Epeorus",50,0.95630662,"Arthropoda","Insecta","Diptera","Chironomidae",,8.333333333,14.45630938,"Arthropoda","Insecta","Ephemeroptera","Heptageniidae","Epeorus","exact","family",1,"@article{Lancraft_1991, doi = {10.1007/bf00240204}, url = {https://doi.org/10.1007%2Fbf00240204}, year = 1991, month = {jun}, publisher = {Springer Nature}, volume = {11}, number = {3}, author = {Thomas M. Lancraft and Thomas L. Hopkins and Joseph J. Torres and Joseph Donnelly}, title = {Oceanic micronektonic/macrozooplanktonic community structure and feeding in ice covered Antarctic waters during the winter ({AMERIEZ} 1988)}, journal = {Polar Biology}},Lancraft, T.M., Hopkins, T.L., Torres, J.J., and Donnelly, J. (1991). Oceanic micronektonic/macrozooplanktonic community structure and feeding in ice covered Antarctic waters during the winter (AMERIEZ 1988). Polar Biol. 11, pp. 157-167.",""
"Chironomidae","Heterlimnius",50,0.95630662,"Arthropoda","Insecta","Diptera","Chironomidae",,6.944444444,0.562121954,"Arthropoda","Insecta","Coleoptera","Elmidae","Heterlimnius","family","family",2,"@article{Lancraft_1991, doi = {10.1007/bf00240204}, url = {https://doi.org/10.1007%2Fbf00240204}, year = 1991, month = {jun}, publisher = {Springer Nature}, volume = {11}, number = {3}, author = {Thomas M. Lancraft and Thomas L. Hopkins and Joseph J. Torres and Joseph Donnelly}, title = {Oceanic micronektonic/macrozooplanktonic community structure and feeding in ice covered Antarctic waters during the winter ({AMERIEZ} 1988)}, journal = {Polar Biology}},Lancraft, T.M., Hopkins, T.L., Torres, J.J., and Donnelly, J. (1991). Oceanic micronektonic/macrozooplanktonic community structure and feeding in ice covered Antarctic waters during the winter (AMERIEZ 1988). Polar Biol. 11, pp. 157-167.",""
"Chironomidae","Hydropsyche",50,0.95630662,"Arthropoda","Insecta","Diptera","Chironomidae",,8.333333333,5.40467727,"Arthropoda","Insecta","Trichoptera","Hydropsychidae","Hydropsyche","exact","exact",13,"@article{Lancraft_1991, doi = {10.1007/bf00240204}, url = {https://doi.org/10.1007%2Fbf00240204}, year = 1991, month = {jun}, publisher = {Springer Nature}, volume = {11}, number = {3}, author = {Thomas M. Lancraft and Thomas L. Hopkins and Joseph J. Torres and Joseph Donnelly}, title = {Oceanic micronektonic/macrozooplanktonic community structure and feeding in ice covered Antarctic waters during the winter ({AMERIEZ} 1988)}, journal = {Polar Biology}},Lancraft, T.M., Hopkins, T.L., Torres, J.J., and Donnelly, J. (1991). Oceanic micronektonic/macrozooplanktonic community structure and feeding in ice covered Antarctic waters during the winter (AMERIEZ 1988). Polar Biol. 11, pp. 157-167.",""
"Chironomidae","Ironodes",50,0.95630662,"Arthropoda","Insecta","Diptera","Chironomidae",,1.388888889,5.59637151,"Arthropoda","Insecta","Ephemeroptera","Heptageniidae","Ironodes","exact","family",1,"@article{Lancraft_1991, doi = {10.1007/bf00240204}, url = {https://doi.org/10.1007%2Fbf00240204}, year = 1991, month = {jun}, publisher = {Springer Nature}, volume = {11}, number = {3}, author = {Thomas M. Lancraft and Thomas L. Hopkins and Joseph J. Torres and Joseph Donnelly}, title = {Oceanic micronektonic/macrozooplanktonic community structure and feeding in ice covered Antarctic waters during the winter ({AMERIEZ} 1988)}, journal = {Polar Biology}},Lancraft, T.M., Hopkins, T.L., Torres, J.J., and Donnelly, J. (1991). Oceanic micronektonic/macrozooplanktonic community structure and feeding in ice covered Antarctic waters during the winter (AMERIEZ 1988). Polar Biol. 11, pp. 157-167.",""
"Chironomidae","Malenka",50,0.95630662,"Arthropoda","Insecta","Diptera","Chironomidae",,5.555555556,0.596340159,"Arthropoda","Insecta","Plecoptera","Nemouridae","Malenka","family","family",3,"@article{Lancraft_1991, doi = {10.1007/bf00240204}, url = {https://doi.org/10.1007%2Fbf00240204}, year = 1991, month = {jun}, publisher = {Springer Nature}, volume = {11}, number = {3}, author = {Thomas M. Lancraft and Thomas L. Hopkins and Joseph J. Torres and Joseph Donnelly}, title = {Oceanic micronektonic/macrozooplanktonic community structure and feeding in ice covered Antarctic waters during the winter ({AMERIEZ} 1988)}, journal = {Polar Biology}},Lancraft, T.M., Hopkins, T.L., Torres, J.J., and Donnelly, J. (1991). Oceanic micronektonic/macrozooplanktonic community structure and feeding in ice covered Antarctic waters during the winter (AMERIEZ 1988). Polar Biol. 11, pp. 157-167.",""
"Chironomidae","Oligochaeta",50,0.95630662,"Arthropoda","Insecta","Diptera","Chironomidae",,11.11111111,0.506640431,"Annelida","Clitellata",,,,"family","exact",21,"@article{Lancraft_1991, doi = {10.1007/bf00240204}, url = {https://doi.org/10.1007%2Fbf00240204}, year = 1991, month = {jun}, publisher = {Springer Nature}, volume = {11}, number = {3}, author = {Thomas M. Lancraft and Thomas L. Hopkins and Joseph J. Torres and Joseph Donnelly}, title = {Oceanic micronektonic/macrozooplanktonic community structure and feeding in ice covered Antarctic waters during the winter ({AMERIEZ} 1988)}, journal = {Polar Biology}},Lancraft, T.M., Hopkins, T.L., Torres, J.J., and Donnelly, J. (1991). Oceanic micronektonic/macrozooplanktonic community structure and feeding in ice covered Antarctic waters during the winter (AMERIEZ 1988). Polar Biol. 11, pp. 157-167.",""
"Chironomidae","Rhyacophila",50,0.95630662,"Arthropoda","Insecta","Diptera","Chironomidae",,6.944444444,5.337910712,"Arthropoda","Insecta","Trichoptera","Rhyacophilidae","Rhyacophila","exact","genus",237,"@article{Lancraft_1991, doi = {10.1007/bf00240204}, url = {https://doi.org/10.1007%2Fbf00240204}, year = 1991, month = {jun}, publisher = {Springer Nature}, volume = {11}, number = {3}, author = {Thomas M. Lancraft and Thomas L. Hopkins and Joseph J. Torres and Joseph Donnelly}, title = {Oceanic micronektonic/macrozooplanktonic community structure and feeding in ice covered Antarctic waters during the winter ({AMERIEZ} 1988)}, journal = {Polar Biology}},Lancraft, T.M., Hopkins, T.L., Torres, J.J., and Donnelly, J. (1991). Oceanic micronektonic/macrozooplanktonic community structure and feeding in ice covered Antarctic waters during the winter (AMERIEZ 1988). Polar Biol. 11, pp. 157-167.",""
"Chironomidae","Serratella",50,0.95630662,"Arthropoda","Insecta","Diptera","Chironomidae",,4.166666667,1.176798991,"Arthropoda","Insecta","Ephemeroptera","Ephemerellidae","Serratella","exact","genus",7,"@article{Lancraft_1991, doi = {10.1007/bf00240204}, url = {https://doi.org/10.1007%2Fbf00240204}, year = 1991, month = {jun}, publisher = {Springer Nature}, volume = {11}, number = {3}, author = {Thomas M. Lancraft and Thomas L. Hopkins and Joseph J. Torres and Joseph Donnelly}, title = {Oceanic micronektonic/macrozooplanktonic community structure and feeding in ice covered Antarctic waters during the winter ({AMERIEZ} 1988)}, journal = {Polar Biology}},Lancraft, T.M., Hopkins, T.L., Torres, J.J., and Donnelly, J. (1991). Oceanic micronektonic/macrozooplanktonic community structure and feeding in ice covered Antarctic waters during the winter (AMERIEZ 1988). Polar Biol. 11, pp. 157-167.",""
"Chironomidae","Simulium",50,0.95630662,"Arthropoda","Insecta","Diptera","Chironomidae",,6.944444444,0.357951466,"Arthropoda","Insecta","Diptera","Simuliidae","Simulium","exact","exact",5,"@article{Lancraft_1991, doi = {10.1007/bf00240204}, url = {https://doi.org/10.1007%2Fbf00240204}, year = 1991, month = {jun}, publisher = {Springer Nature}, volume = {11}, number = {3}, author = {Thomas M. Lancraft and Thomas L. Hopkins and Joseph J. Torres and Joseph Donnelly}, title = {Oceanic micronektonic/macrozooplanktonic community structure and feeding in ice covered Antarctic waters during the winter ({AMERIEZ} 1988)}, journal = {Polar Biology}},Lancraft, T.M., Hopkins, T.L., Torres, J.J., and Donnelly, J. (1991). Oceanic micronektonic/macrozooplanktonic community structure and feeding in ice covered Antarctic waters during the winter (AMERIEZ 1988). Polar Biol. 11, pp. 157-167.",""
"Chironomidae","Suwallia",50,0.95630662,"Arthropoda","Insecta","Diptera","Chironomidae",,2.777777778,2.473558448,"Arthropoda","Insecta","Plecoptera","Chloroperlidae","Suwallia","family","family",24,"@article{Lancraft_1991, doi = {10.1007/bf00240204}, url = {https://doi.org/10.1007%2Fbf00240204}, year = 1991, month = {jun}, publisher = {Springer Nature}, volume = {11}, number = {3}, author = {Thomas M. Lancraft and Thomas L. Hopkins and Joseph J. Torres and Joseph Donnelly}, title = {Oceanic micronektonic/macrozooplanktonic community structure and feeding in ice covered Antarctic waters during the winter ({AMERIEZ} 1988)}, journal = {Polar Biology}},Lancraft, T.M., Hopkins, T.L., Torres, J.J., and Donnelly, J. (1991). Oceanic micronektonic/macrozooplanktonic community structure and feeding in ice covered Antarctic waters during the winter (AMERIEZ 1988). Polar Biol. 11, pp. 157-167.",""
"Cleptelmis","Chironomidae",1.388888889,0.33255826,"Arthropoda","Insecta","Coleoptera","Elmidae","Cleptelmis",50,0.95630662,"Arthropoda","Insecta","Diptera","Chironomidae",,"family","family",4,"@article{Lancraft_1991, doi = {10.1007/bf00240204}, url = {https://doi.org/10.1007%2Fbf00240204}, year = 1991, month = {jun}, publisher = {Springer Nature}, volume = {11}, number = {3}, author = {Thomas M. Lancraft and Thomas L. Hopkins and Joseph J. Torres and Joseph Donnelly}, title = {Oceanic micronektonic/macrozooplanktonic community structure and feeding in ice covered Antarctic waters during the winter ({AMERIEZ} 1988)}, journal = {Polar Biology}},Lancraft, T.M., Hopkins, T.L., Torres, J.J., and Donnelly, J. (1991). Oceanic micronektonic/macrozooplanktonic community structure and feeding in ice covered Antarctic waters during the winter (AMERIEZ 1988). Polar Biol. 11, pp. 157-167.",""
"Cleptelmis","Hydropsyche",1.388888889,0.33255826,"Arthropoda","Insecta","Coleoptera","Elmidae","Cleptelmis",8.333333333,5.40467727,"Arthropoda","Insecta","Trichoptera","Hydropsychidae","Hydropsyche","family","exact",4,"@article{Lancraft_1991, doi = {10.1007/bf00240204}, url = {https://doi.org/10.1007%2Fbf00240204}, year = 1991, month = {jun}, publisher = {Springer Nature}, volume = {11}, number = {3}, author = {Thomas M. Lancraft and Thomas L. Hopkins and Joseph J. Torres and Joseph Donnelly}, title = {Oceanic micronektonic/macrozooplanktonic community structure and feeding in ice covered Antarctic waters during the winter ({AMERIEZ} 1988)}, journal = {Polar Biology}},Lancraft, T.M., Hopkins, T.L., Torres, J.J., and Donnelly, J. (1991). Oceanic micronektonic/macrozooplanktonic community structure and feeding in ice covered Antarctic waters during the winter (AMERIEZ 1988). Polar Biol. 11, pp. 157-167.",""
"Cleptelmis","Rhyacophila",1.388888889,0.33255826,"Arthropoda","Insecta","Coleoptera","Elmidae","Cleptelmis",6.944444444,5.337910712,"Arthropoda","Insecta","Trichoptera","Rhyacophilidae","Rhyacophila","family","genus",3,"@article{Lancraft_1991, doi = {10.1007/bf00240204}, url = {https://doi.org/10.1007%2Fbf00240204}, year = 1991, month = {jun}, publisher = {Springer Nature}, volume = {11}, number = {3}, author = {Thomas M. Lancraft and Thomas L. Hopkins and Joseph J. Torres and Joseph Donnelly}, title = {Oceanic micronektonic/macrozooplanktonic community structure and feeding in ice covered Antarctic waters during the winter ({AMERIEZ} 1988)}, journal = {Polar Biology}},Lancraft, T.M., Hopkins, T.L., Torres, J.J., and Donnelly, J. (1991). Oceanic micronektonic/macrozooplanktonic community structure and feeding in ice covered Antarctic waters during the winter (AMERIEZ 1988). Polar Biol. 11, pp. 157-167.",""
"Dicranota","Dicranota",1.388888889,0.456662436,"Arthropoda","Insecta","Diptera","Tipulidae","Dicranota",1.388888889,0.456662436,"Arthropoda","Insecta","Diptera","Tipulidae","Dicranota","exact","exact",5,"@article{Lancraft_1991, doi = {10.1007/bf00240204}, url = {https://doi.org/10.1007%2Fbf00240204}, year = 1991, month = {jun}, publisher = {Springer Nature}, volume = {11}, number = {3}, author = {Thomas M. Lancraft and Thomas L. Hopkins and Joseph J. Torres and Joseph Donnelly}, title = {Oceanic micronektonic/macrozooplanktonic community structure and feeding in ice covered Antarctic waters during the winter ({AMERIEZ} 1988)}, journal = {Polar Biology}},Lancraft, T.M., Hopkins, T.L., Torres, J.J., and Donnelly, J. (1991). Oceanic micronektonic/macrozooplanktonic community structure and feeding in ice covered Antarctic waters during the winter (AMERIEZ 1988). Polar Biol. 11, pp. 157-167.",""
"Dicranota","Rhyacophila",1.388888889,0.456662436,"Arthropoda","Insecta","Diptera","Tipulidae","Dicranota",6.944444444,5.337910712,"Arthropoda","Insecta","Trichoptera","Rhyacophilidae","Rhyacophila","exact","genus",4,"@article{Lancraft_1991, doi = {10.1007/bf00240204}, url = {https://doi.org/10.1007%2Fbf00240204}, year = 1991, month = {jun}, publisher = {Springer Nature}, volume = {11}, number = {3}, author = {Thomas M. Lancraft and Thomas L. Hopkins and Joseph J. Torres and Joseph Donnelly}, title = {Oceanic micronektonic/macrozooplanktonic community structure and feeding in ice covered Antarctic waters during the winter ({AMERIEZ} 1988)}, journal = {Polar Biology}},Lancraft, T.M., Hopkins, T.L., Torres, J.J., and Donnelly, J. (1991). Oceanic micronektonic/macrozooplanktonic community structure and feeding in ice covered Antarctic waters during the winter (AMERIEZ 1988). Polar Biol. 11, pp. 157-167.",""
"Diphetor","Chironomidae",1.388888889,2.092471648,"Arthropoda","Insecta","Ephemeroptera","Baetidae","Diphetor",50,0.95630662,"Arthropoda","Insecta","Diptera","Chironomidae",,"family","family",15,"@article{Lancraft_1991, doi = {10.1007/bf00240204}, url = {https://doi.org/10.1007%2Fbf00240204}, year = 1991, month = {jun}, publisher = {Springer Nature}, volume = {11}, number = {3}, author = {Thomas M. Lancraft and Thomas L. Hopkins and Joseph J. Torres and Joseph Donnelly}, title = {Oceanic micronektonic/macrozooplanktonic community structure and feeding in ice covered Antarctic waters during the winter ({AMERIEZ} 1988)}, journal = {Polar Biology}},Lancraft, T.M., Hopkins, T.L., Torres, J.J., and Donnelly, J. (1991). Oceanic micronektonic/macrozooplanktonic community structure and feeding in ice covered Antarctic waters during the winter (AMERIEZ 1988). Polar Biol. 11, pp. 157-167.",""
"Diphetor","Dicranota",1.388888889,2.092471648,"Arthropoda","Insecta","Ephemeroptera","Baetidae","Diphetor",1.388888889,0.456662436,"Arthropoda","Insecta","Diptera","Tipulidae","Dicranota","family","family",6,"@article{Lancraft_1991, doi = {10.1007/bf00240204}, url = {https://doi.org/10.1007%2Fbf00240204}, year = 1991, month = {jun}, publisher = {Springer Nature}, volume = {11}, number = {3}, author = {Thomas M. Lancraft and Thomas L. Hopkins and Joseph J. Torres and Joseph Donnelly}, title = {Oceanic micronektonic/macrozooplanktonic community structure and feeding in ice covered Antarctic waters during the winter ({AMERIEZ} 1988)}, journal = {Polar Biology}},Lancraft, T.M., Hopkins, T.L., Torres, J.J., and Donnelly, J. (1991). Oceanic micronektonic/macrozooplanktonic community structure and feeding in ice covered Antarctic waters during the winter (AMERIEZ 1988). Polar Biol. 11, pp. 157-167.",""
"Diphetor","Doroneuria",1.388888889,2.092471648,"Arthropoda","Insecta","Ephemeroptera","Baetidae","Diphetor",1.388888889,47.55178364,"Arthropoda","Insecta","Plecoptera","Perlidae","Doroneuria","family","exact",1,"@article{Lancraft_1991, doi = {10.1007/bf00240204}, url = {https://doi.org/10.1007%2Fbf00240204}, year = 1991, month = {jun}, publisher = {Springer Nature}, volume = {11}, number = {3}, author = {Thomas M. Lancraft and Thomas L. Hopkins and Joseph J. Torres and Joseph Donnelly}, title = {Oceanic micronektonic/macrozooplanktonic community structure and feeding in ice covered Antarctic waters during the winter ({AMERIEZ} 1988)}, journal = {Polar Biology}},Lancraft, T.M., Hopkins, T.L., Torres, J.J., and Donnelly, J. (1991). Oceanic micronektonic/macrozooplanktonic community structure and feeding in ice covered Antarctic waters during the winter (AMERIEZ 1988). Polar Biol. 11, pp. 157-167.",""
"Diphetor","Hydropsyche",1.388888889,2.092471648,"Arthropoda","Insecta","Ephemeroptera","Baetidae","Diphetor",8.333333333,5.40467727,"Arthropoda","Insecta","Trichoptera","Hydropsychidae","Hydropsyche","family","exact",35,"@article{Lancraft_1991, doi = {10.1007/bf00240204}, url = {https://doi.org/10.1007%2Fbf00240204}, year = 1991, month = {jun}, publisher = {Springer Nature}, volume = {11}, number = {3}, author = {Thomas M. Lancraft and Thomas L. Hopkins and Joseph J. Torres and Joseph Donnelly}, title = {Oceanic micronektonic/macrozooplanktonic community structure and feeding in ice covered Antarctic waters during the winter ({AMERIEZ} 1988)}, journal = {Polar Biology}},Lancraft, T.M., Hopkins, T.L., Torres, J.J., and Donnelly, J. (1991). Oceanic micronektonic/macrozooplanktonic community structure and feeding in ice covered Antarctic waters during the winter (AMERIEZ 1988). Polar Biol. 11, pp. 157-167.",""
"Diphetor","Oligochaeta",1.388888889,2.092471648,"Arthropoda","Insecta","Ephemeroptera","Baetidae","Diphetor",11.11111111,0.506640431,"Annelida","Clitellata",,,,"family","exact",3,"@article{Lancraft_1991, doi = {10.1007/bf00240204}, url = {https://doi.org/10.1007%2Fbf00240204}, year = 1991, month = {jun}, publisher = {Springer Nature}, volume = {11}, number = {3}, author = {Thomas M. Lancraft and Thomas L. Hopkins and Joseph J. Torres and Joseph Donnelly}, title = {Oceanic micronektonic/macrozooplanktonic community structure and feeding in ice covered Antarctic waters during the winter ({AMERIEZ} 1988)}, journal = {Polar Biology}},Lancraft, T.M., Hopkins, T.L., Torres, J.J., and Donnelly, J. (1991). Oceanic micronektonic/macrozooplanktonic community structure and feeding in ice covered Antarctic waters during the winter (AMERIEZ 1988). Polar Biol. 11, pp. 157-167.",""
"Diphetor","Rhyacophila",1.388888889,2.092471648,"Arthropoda","Insecta","Ephemeroptera","Baetidae","Diphetor",6.944444444,5.337910712,"Arthropoda","Insecta","Trichoptera","Rhyacophilidae","Rhyacophila","family","exact",6,"@article{Lancraft_1991, doi = {10.1007/bf00240204}, url = {https://doi.org/10.1007%2Fbf00240204}, year = 1991, month = {jun}, publisher = {Springer Nature}, volume = {11}, number = {3}, author = {Thomas M. Lancraft and Thomas L. Hopkins and Joseph J. Torres and Joseph Donnelly}, title = {Oceanic micronektonic/macrozooplanktonic community structure and feeding in ice covered Antarctic waters during the winter ({AMERIEZ} 1988)}, journal = {Polar Biology}},Lancraft, T.M., Hopkins, T.L., Torres, J.J., and Donnelly, J. (1991). Oceanic micronektonic/macrozooplanktonic community structure and feeding in ice covered Antarctic waters during the winter (AMERIEZ 1988). Polar Biol. 11, pp. 157-167.",""
"Diphetor","Suwallia",1.388888889,2.092471648,"Arthropoda","Insecta","Ephemeroptera","Baetidae","Diphetor",2.777777778,2.473558448,"Arthropoda","Insecta","Plecoptera","Chloroperlidae","Suwallia","family","family",31,"@article{Lancraft_1991, doi = {10.1007/bf00240204}, url = {https://doi.org/10.1007%2Fbf00240204}, year = 1991, month = {jun}, publisher = {Springer Nature}, volume = {11}, number = {3}, author = {Thomas M. Lancraft and Thomas L. Hopkins and Joseph J. Torres and Joseph Donnelly}, title = {Oceanic micronektonic/macrozooplanktonic community structure and feeding in ice covered Antarctic waters during the winter ({AMERIEZ} 1988)}, journal = {Polar Biology}},Lancraft, T.M., Hopkins, T.L., Torres, J.J., and Donnelly, J. (1991). Oceanic micronektonic/macrozooplanktonic community structure and feeding in ice covered Antarctic waters during the winter (AMERIEZ 1988). Polar Biol. 11, pp. 157-167.",""
"Doroneuria","Rhyacophila",1.388888889,47.55178364,"Arthropoda","Insecta","Plecoptera","Perlidae","Doroneuria",6.944444444,5.337910712,"Arthropoda","Insecta","Trichoptera","Rhyacophilidae","Rhyacophila","family","genus",2,"@article{Lancraft_1991, doi = {10.1007/bf00240204}, url = {https://doi.org/10.1007%2Fbf00240204}, year = 1991, month = {jun}, publisher = {Springer Nature}, volume = {11}, number = {3}, author = {Thomas M. Lancraft and Thomas L. Hopkins and Joseph J. Torres and Joseph Donnelly}, title = {Oceanic micronektonic/macrozooplanktonic community structure and feeding in ice covered Antarctic waters during the winter ({AMERIEZ} 1988)}, journal = {Polar Biology}},Lancraft, T.M., Hopkins, T.L., Torres, J.J., and Donnelly, J. (1991). Oceanic micronektonic/macrozooplanktonic community structure and feeding in ice covered Antarctic waters during the winter (AMERIEZ 1988). Polar Biol. 11, pp. 157-167.",""
"Drunella","Dicranota",1.388888889,4.884692448,"Arthropoda","Insecta","Ephemeroptera","Ephemerellidae","Drunella",1.388888889,0.456662436,"Arthropoda","Insecta","Diptera","Tipulidae","Dicranota","family","exact",4,"@article{Lancraft_1991, doi = {10.1007/bf00240204}, url = {https://doi.org/10.1007%2Fbf00240204}, year = 1991, month = {jun}, publisher = {Springer Nature}, volume = {11}, number = {3}, author = {Thomas M. Lancraft and Thomas L. Hopkins and Joseph J. Torres and Joseph Donnelly}, title = {Oceanic micronektonic/macrozooplanktonic community structure and feeding in ice covered Antarctic waters during the winter ({AMERIEZ} 1988)}, journal = {Polar Biology}},Lancraft, T.M., Hopkins, T.L., Torres, J.J., and Donnelly, J. (1991). Oceanic micronektonic/macrozooplanktonic community structure and feeding in ice covered Antarctic waters during the winter (AMERIEZ 1988). Polar Biol. 11, pp. 157-167.",""
"Drunella","Doroneuria",1.388888889,4.884692448,"Arthropoda","Insecta","Ephemeroptera","Ephemerellidae","Drunella",1.388888889,47.55178364,"Arthropoda","Insecta","Plecoptera","Perlidae","Doroneuria","family","family",10,"@article{Lancraft_1991, doi = {10.1007/bf00240204}, url = {https://doi.org/10.1007%2Fbf00240204}, year = 1991, month = {jun}, publisher = {Springer Nature}, volume = {11}, number = {3}, author = {Thomas M. Lancraft and Thomas L. Hopkins and Joseph J. Torres and Joseph Donnelly}, title = {Oceanic micronektonic/macrozooplanktonic community structure and feeding in ice covered Antarctic waters during the winter ({AMERIEZ} 1988)}, journal = {Polar Biology}},Lancraft, T.M., Hopkins, T.L., Torres, J.J., and Donnelly, J. (1991). Oceanic micronektonic/macrozooplanktonic community structure and feeding in ice covered Antarctic waters during the winter (AMERIEZ 1988). Polar Biol. 11, pp. 157-167.",""
"Drunella","Hydropsyche",1.388888889,4.884692448,"Arthropoda","Insecta","Ephemeroptera","Ephemerellidae","Drunella",8.333333333,5.40467727,"Arthropoda","Insecta","Trichoptera","Hydropsychidae","Hydropsyche","family","genus",10,"@article{Lancraft_1991, doi = {10.1007/bf00240204}, url = {https://doi.org/10.1007%2Fbf00240204}, year = 1991, month = {jun}, publisher = {Springer Nature}, volume = {11}, number = {3}, author = {Thomas M. Lancraft and Thomas L. Hopkins and Joseph J. Torres and Joseph Donnelly}, title = {Oceanic micronektonic/macrozooplanktonic community structure and feeding in ice covered Antarctic waters during the winter ({AMERIEZ} 1988)}, journal = {Polar Biology}},Lancraft, T.M., Hopkins, T.L., Torres, J.J., and Donnelly, J. (1991). Oceanic micronektonic/macrozooplanktonic community structure and feeding in ice covered Antarctic waters during the winter (AMERIEZ 1988). Polar Biol. 11, pp. 157-167.",""
"Drunella","Rhyacophila",1.388888889,4.884692448,"Arthropoda","Insecta","Ephemeroptera","Ephemerellidae","Drunella",6.944444444,5.337910712,"Arthropoda","Insecta","Trichoptera","Rhyacophilidae","Rhyacophila","family","genus",4,"@article{Lancraft_1991, doi = {10.1007/bf00240204}, url = {https://doi.org/10.1007%2Fbf00240204}, year = 1991, month = {jun}, publisher = {Springer Nature}, volume = {11}, number = {3}, author = {Thomas M. Lancraft and Thomas L. Hopkins and Joseph J. Torres and Joseph Donnelly}, title = {Oceanic micronektonic/macrozooplanktonic community structure and feeding in ice covered Antarctic waters during the winter ({AMERIEZ} 1988)}, journal = {Polar Biology}},Lancraft, T.M., Hopkins, T.L., Torres, J.J., and Donnelly, J. (1991). Oceanic micronektonic/macrozooplanktonic community structure and feeding in ice covered Antarctic waters during the winter (AMERIEZ 1988). Polar Biol. 11, pp. 157-167.",""
"Epeorus","Doroneuria",8.333333333,14.45630938,"Arthropoda","Insecta","Ephemeroptera","Heptageniidae","Epeorus",1.388888889,47.55178364,"Arthropoda","Insecta","Plecoptera","Perlidae","Doroneuria","family","family",13,"@article{Lancraft_1991, doi = {10.1007/bf00240204}, url = {https://doi.org/10.1007%2Fbf00240204}, year = 1991, month = {jun}, publisher = {Springer Nature}, volume = {11}, number = {3}, author = {Thomas M. Lancraft and Thomas L. Hopkins and Joseph J. Torres and Joseph Donnelly}, title = {Oceanic micronektonic/macrozooplanktonic community structure and feeding in ice covered Antarctic waters during the winter ({AMERIEZ} 1988)}, journal = {Polar Biology}},Lancraft, T.M., Hopkins, T.L., Torres, J.J., and Donnelly, J. (1991). Oceanic micronektonic/macrozooplanktonic community structure and feeding in ice covered Antarctic waters during the winter (AMERIEZ 1988). Polar Biol. 11, pp. 157-167.",""
"Epeorus","Hydropsyche",8.333333333,14.45630938,"Arthropoda","Insecta","Ephemeroptera","Heptageniidae","Epeorus",8.333333333,5.40467727,"Arthropoda","Insecta","Trichoptera","Hydropsychidae","Hydropsyche","family","genus",2,"@article{Lancraft_1991, doi = {10.1007/bf00240204}, url = {https://doi.org/10.1007%2Fbf00240204}, year = 1991, month = {jun}, publisher = {Springer Nature}, volume = {11}, number = {3}, author = {Thomas M. Lancraft and Thomas L. Hopkins and Joseph J. Torres and Joseph Donnelly}, title = {Oceanic micronektonic/macrozooplanktonic community structure and feeding in ice covered Antarctic waters during the winter ({AMERIEZ} 1988)}, journal = {Polar Biology}},Lancraft, T.M., Hopkins, T.L., Torres, J.J., and Donnelly, J. (1991). Oceanic micronektonic/macrozooplanktonic community structure and feeding in ice covered Antarctic waters during the winter (AMERIEZ 1988). Polar Biol. 11, pp. 157-167.",""
"Epeorus","Rhyacophila",8.333333333,14.45630938,"Arthropoda","Insecta","Ephemeroptera","Heptageniidae","Epeorus",6.944444444,5.337910712,"Arthropoda","Insecta","Trichoptera","Rhyacophilidae","Rhyacophila","family","exact",4,"@article{Lancraft_1991, doi = {10.1007/bf00240204}, url = {https://doi.org/10.1007%2Fbf00240204}, year = 1991, month = {jun}, publisher = {Springer Nature}, volume = {11}, number = {3}, author = {Thomas M. Lancraft and Thomas L. Hopkins and Joseph J. Torres and Joseph Donnelly}, title = {Oceanic micronektonic/macrozooplanktonic community structure and feeding in ice covered Antarctic waters during the winter ({AMERIEZ} 1988)}, journal = {Polar Biology}},Lancraft, T.M., Hopkins, T.L., Torres, J.J., and Donnelly, J. (1991). Oceanic micronektonic/macrozooplanktonic community structure and feeding in ice covered Antarctic waters during the winter (AMERIEZ 1988). Polar Biol. 11, pp. 157-167.",""
"Epeorus","Suwallia",8.333333333,14.45630938,"Arthropoda","Insecta","Ephemeroptera","Heptageniidae","Epeorus",2.777777778,2.473558448,"Arthropoda","Insecta","Plecoptera","Chloroperlidae","Suwallia","family","family",5,"@article{Lancraft_1991, doi = {10.1007/bf00240204}, url = {https://doi.org/10.1007%2Fbf00240204}, year = 1991, month = {jun}, publisher = {Springer Nature}, volume = {11}, number = {3}, author = {Thomas M. Lancraft and Thomas L. Hopkins and Joseph J. Torres and Joseph Donnelly}, title = {Oceanic micronektonic/macrozooplanktonic community structure and feeding in ice covered Antarctic waters during the winter ({AMERIEZ} 1988)}, journal = {Polar Biology}},Lancraft, T.M., Hopkins, T.L., Torres, J.J., and Donnelly, J. (1991). Oceanic micronektonic/macrozooplanktonic community structure and feeding in ice covered Antarctic waters during the winter (AMERIEZ 1988). Polar Biol. 11, pp. 157-167.",""
"Heterlimnius","Chironomidae",6.944444444,0.562121954,"Arthropoda","Insecta","Coleoptera","Elmidae","Heterlimnius",50,0.95630662,"Arthropoda","Insecta","Diptera","Chironomidae",,"family","family",4,"@article{Lancraft_1991, doi = {10.1007/bf00240204}, url = {https://doi.org/10.1007%2Fbf00240204}, year = 1991, month = {jun}, publisher = {Springer Nature}, volume = {11}, number = {3}, author = {Thomas M. Lancraft and Thomas L. Hopkins and Joseph J. Torres and Joseph Donnelly}, title = {Oceanic micronektonic/macrozooplanktonic community structure and feeding in ice covered Antarctic waters during the winter ({AMERIEZ} 1988)}, journal = {Polar Biology}},Lancraft, T.M., Hopkins, T.L., Torres, J.J., and Donnelly, J. (1991). Oceanic micronektonic/macrozooplanktonic community structure and feeding in ice covered Antarctic waters during the winter (AMERIEZ 1988). Polar Biol. 11, pp. 157-167.",""
"Heterlimnius","Hydropsyche",6.944444444,0.562121954,"Arthropoda","Insecta","Coleoptera","Elmidae","Heterlimnius",8.333333333,5.40467727,"Arthropoda","Insecta","Trichoptera","Hydropsychidae","Hydropsyche","family","exact",4,"@article{Lancraft_1991, doi = {10.1007/bf00240204}, url = {https://doi.org/10.1007%2Fbf00240204}, year = 1991, month = {jun}, publisher = {Springer Nature}, volume = {11}, number = {3}, author = {Thomas M. Lancraft and Thomas L. Hopkins and Joseph J. Torres and Joseph Donnelly}, title = {Oceanic micronektonic/macrozooplanktonic community structure and feeding in ice covered Antarctic waters during the winter ({AMERIEZ} 1988)}, journal = {Polar Biology}},Lancraft, T.M., Hopkins, T.L., Torres, J.J., and Donnelly, J. (1991). Oceanic micronektonic/macrozooplanktonic community structure and feeding in ice covered Antarctic waters during the winter (AMERIEZ 1988). Polar Biol. 11, pp. 157-167.",""
"Heterlimnius","Rhyacophila",6.944444444,0.562121954,"Arthropoda","Insecta","Coleoptera","Elmidae","Heterlimnius",6.944444444,5.337910712,"Arthropoda","Insecta","Trichoptera","Rhyacophilidae","Rhyacophila","family","genus",3,"@article{Lancraft_1991, doi = {10.1007/bf00240204}, url = {https://doi.org/10.1007%2Fbf00240204}, year = 1991, month = {jun}, publisher = {Springer Nature}, volume = {11}, number = {3}, author = {Thomas M. Lancraft and Thomas L. Hopkins and Joseph J. Torres and Joseph Donnelly}, title = {Oceanic micronektonic/macrozooplanktonic community structure and feeding in ice covered Antarctic waters during the winter ({AMERIEZ} 1988)}, journal = {Polar Biology}},Lancraft, T.M., Hopkins, T.L., Torres, J.J., and Donnelly, J. (1991). Oceanic micronektonic/macrozooplanktonic community structure and feeding in ice covered Antarctic waters during the winter (AMERIEZ 1988). Polar Biol. 11, pp. 157-167.",""
"Hydropsyche","Doroneuria",8.333333333,5.40467727,"Arthropoda","Insecta","Trichoptera","Hydropsychidae","Hydropsyche",1.388888889,47.55178364,"Arthropoda","Insecta","Plecoptera","Perlidae","Doroneuria","exact","family",14,"@article{Lancraft_1991, doi = {10.1007/bf00240204}, url = {https://doi.org/10.1007%2Fbf00240204}, year = 1991, month = {jun}, publisher = {Springer Nature}, volume = {11}, number = {3}, author = {Thomas M. Lancraft and Thomas L. Hopkins and Joseph J. Torres and Joseph Donnelly}, title = {Oceanic micronektonic/macrozooplanktonic community structure and feeding in ice covered Antarctic waters during the winter ({AMERIEZ} 1988)}, journal = {Polar Biology}},Lancraft, T.M., Hopkins, T.L., Torres, J.J., and Donnelly, J. (1991). Oceanic micronektonic/macrozooplanktonic community structure and feeding in ice covered Antarctic waters during the winter (AMERIEZ 1988). Polar Biol. 11, pp. 157-167.",""
"Hydropsyche","Epeorus",8.333333333,5.40467727,"Arthropoda","Insecta","Trichoptera","Hydropsychidae","Hydropsyche",8.333333333,14.45630938,"Arthropoda","Insecta","Ephemeroptera","Heptageniidae","Epeorus","exact","family",3,"@article{Lancraft_1991, doi = {10.1007/bf00240204}, url = {https://doi.org/10.1007%2Fbf00240204}, year = 1991, month = {jun}, publisher = {Springer Nature}, volume = {11}, number = {3}, author = {Thomas M. Lancraft and Thomas L. Hopkins and Joseph J. Torres and Joseph Donnelly}, title = {Oceanic micronektonic/macrozooplanktonic community structure and feeding in ice covered Antarctic waters during the winter ({AMERIEZ} 1988)}, journal = {Polar Biology}},Lancraft, T.M., Hopkins, T.L., Torres, J.J., and Donnelly, J. (1991). Oceanic micronektonic/macrozooplanktonic community structure and feeding in ice covered Antarctic waters during the winter (AMERIEZ 1988). Polar Biol. 11, pp. 157-167.",""
"Hydropsyche","Hydropsyche",8.333333333,5.40467727,"Arthropoda","Insecta","Trichoptera","Hydropsychidae","Hydropsyche",8.333333333,5.40467727,"Arthropoda","Insecta","Trichoptera","Hydropsychidae","Hydropsyche","exact","family",3,"@article{Lancraft_1991, doi = {10.1007/bf00240204}, url = {https://doi.org/10.1007%2Fbf00240204}, year = 1991, month = {jun}, publisher = {Springer Nature}, volume = {11}, number = {3}, author = {Thomas M. Lancraft and Thomas L. Hopkins and Joseph J. Torres and Joseph Donnelly}, title = {Oceanic micronektonic/macrozooplanktonic community structure and feeding in ice covered Antarctic waters during the winter ({AMERIEZ} 1988)}, journal = {Polar Biology}},Lancraft, T.M., Hopkins, T.L., Torres, J.J., and Donnelly, J. (1991). Oceanic micronektonic/macrozooplanktonic community structure and feeding in ice covered Antarctic waters during the winter (AMERIEZ 1988). Polar Biol. 11, pp. 157-167.",""
"Hydropsyche","Ironodes",8.333333333,5.40467727,"Arthropoda","Insecta","Trichoptera","Hydropsychidae","Hydropsyche",1.388888889,5.59637151,"Arthropoda","Insecta","Ephemeroptera","Heptageniidae","Ironodes","exact","family",3,"@article{Lancraft_1991, doi = {10.1007/bf00240204}, url = {https://doi.org/10.1007%2Fbf00240204}, year = 1991, month = {jun}, publisher = {Springer Nature}, volume = {11}, number = {3}, author = {Thomas M. Lancraft and Thomas L. Hopkins and Joseph J. Torres and Joseph Donnelly}, title = {Oceanic micronektonic/macrozooplanktonic community structure and feeding in ice covered Antarctic waters during the winter ({AMERIEZ} 1988)}, journal = {Polar Biology}},Lancraft, T.M., Hopkins, T.L., Torres, J.J., and Donnelly, J. (1991). Oceanic micronektonic/macrozooplanktonic community structure and feeding in ice covered Antarctic waters during the winter (AMERIEZ 1988). Polar Biol. 11, pp. 157-167.",""
"Hydropsyche","Rhyacophila",8.333333333,5.40467727,"Arthropoda","Insecta","Trichoptera","Hydropsychidae","Hydropsyche",6.944444444,5.337910712,"Arthropoda","Insecta","Trichoptera","Rhyacophilidae","Rhyacophila","exact","exact",6,"@article{Lancraft_1991, doi = {10.1007/bf00240204}, url = {https://doi.org/10.1007%2Fbf00240204}, year = 1991, month = {jun}, publisher = {Springer Nature}, volume = {11}, number = {3}, author = {Thomas M. Lancraft and Thomas L. Hopkins and Joseph J. Torres and Joseph Donnelly}, title = {Oceanic micronektonic/macrozooplanktonic community structure and feeding in ice covered Antarctic waters during the winter ({AMERIEZ} 1988)}, journal = {Polar Biology}},Lancraft, T.M., Hopkins, T.L., Torres, J.J., and Donnelly, J. (1991). Oceanic micronektonic/macrozooplanktonic community structure and feeding in ice covered Antarctic waters during the winter (AMERIEZ 1988). Polar Biol. 11, pp. 157-167.",""
"Ironodes","Doroneuria",1.388888889,5.59637151,"Arthropoda","Insecta","Ephemeroptera","Heptageniidae","Ironodes",1.388888889,47.55178364,"Arthropoda","Insecta","Plecoptera","Perlidae","Doroneuria","family","family",13,"@article{Lancraft_1991, doi = {10.1007/bf00240204}, url = {https://doi.org/10.1007%2Fbf00240204}, year = 1991, month = {jun}, publisher = {Springer Nature}, volume = {11}, number = {3}, author = {Thomas M. Lancraft and Thomas L. Hopkins and Joseph J. Torres and Joseph Donnelly}, title = {Oceanic micronektonic/macrozooplanktonic community structure and feeding in ice covered Antarctic waters during the winter ({AMERIEZ} 1988)}, journal = {Polar Biology}},Lancraft, T.M., Hopkins, T.L., Torres, J.J., and Donnelly, J. (1991). Oceanic micronektonic/macrozooplanktonic community structure and feeding in ice covered Antarctic waters during the winter (AMERIEZ 1988). Polar Biol. 11, pp. 157-167.",""
"Ironodes","Hydropsyche",1.388888889,5.59637151,"Arthropoda","Insecta","Ephemeroptera","Heptageniidae","Ironodes",8.333333333,5.40467727,"Arthropoda","Insecta","Trichoptera","Hydropsychidae","Hydropsyche","family","genus",2,"@article{Lancraft_1991, doi = {10.1007/bf00240204}, url = {https://doi.org/10.1007%2Fbf00240204}, year = 1991, month = {jun}, publisher = {Springer Nature}, volume = {11}, number = {3}, author = {Thomas M. Lancraft and Thomas L. Hopkins and Joseph J. Torres and Joseph Donnelly}, title = {Oceanic micronektonic/macrozooplanktonic community structure and feeding in ice covered Antarctic waters during the winter ({AMERIEZ} 1988)}, journal = {Polar Biology}},Lancraft, T.M., Hopkins, T.L., Torres, J.J., and Donnelly, J. (1991). Oceanic micronektonic/macrozooplanktonic community structure and feeding in ice covered Antarctic waters during the winter (AMERIEZ 1988). Polar Biol. 11, pp. 157-167.",""
"Ironodes","Rhyacophila",1.388888889,5.59637151,"Arthropoda","Insecta","Ephemeroptera","Heptageniidae","Ironodes",6.944444444,5.337910712,"Arthropoda","Insecta","Trichoptera","Rhyacophilidae","Rhyacophila","family","exact",4,"@article{Lancraft_1991, doi = {10.1007/bf00240204}, url = {https://doi.org/10.1007%2Fbf00240204}, year = 1991, month = {jun}, publisher = {Springer Nature}, volume = {11}, number = {3}, author = {Thomas M. Lancraft and Thomas L. Hopkins and Joseph J. Torres and Joseph Donnelly}, title = {Oceanic micronektonic/macrozooplanktonic community structure and feeding in ice covered Antarctic waters during the winter ({AMERIEZ} 1988)}, journal = {Polar Biology}},Lancraft, T.M., Hopkins, T.L., Torres, J.J., and Donnelly, J. (1991). Oceanic micronektonic/macrozooplanktonic community structure and feeding in ice covered Antarctic waters during the winter (AMERIEZ 1988). Polar Biol. 11, pp. 157-167.",""
"Ironodes","Suwallia",1.388888889,5.59637151,"Arthropoda","Insecta","Ephemeroptera","Heptageniidae","Ironodes",2.777777778,2.473558448,"Arthropoda","Insecta","Plecoptera","Chloroperlidae","Suwallia","family","family",5,"@article{Lancraft_1991, doi = {10.1007/bf00240204}, url = {https://doi.org/10.1007%2Fbf00240204}, year = 1991, month = {jun}, publisher = {Springer Nature}, volume = {11}, number = {3}, author = {Thomas M. Lancraft and Thomas L. Hopkins and Joseph J. Torres and Joseph Donnelly}, title = {Oceanic micronektonic/macrozooplanktonic community structure and feeding in ice covered Antarctic waters during the winter ({AMERIEZ} 1988)}, journal = {Polar Biology}},Lancraft, T.M., Hopkins, T.L., Torres, J.J., and Donnelly, J. (1991). Oceanic micronektonic/macrozooplanktonic community structure and feeding in ice covered Antarctic waters during the winter (AMERIEZ 1988). Polar Biol. 11, pp. 157-167.",""
"Malenka","Dicranota",5.555555556,0.596340159,"Arthropoda","Insecta","Plecoptera","Nemouridae","Malenka",1.388888889,0.456662436,"Arthropoda","Insecta","Diptera","Tipulidae","Dicranota","family","exact",2,"@article{Lancraft_1991, doi = {10.1007/bf00240204}, url = {https://doi.org/10.1007%2Fbf00240204}, year = 1991, month = {jun}, publisher = {Springer Nature}, volume = {11}, number = {3}, author = {Thomas M. Lancraft and Thomas L. Hopkins and Joseph J. Torres and Joseph Donnelly}, title = {Oceanic micronektonic/macrozooplanktonic community structure and feeding in ice covered Antarctic waters during the winter ({AMERIEZ} 1988)}, journal = {Polar Biology}},Lancraft, T.M., Hopkins, T.L., Torres, J.J., and Donnelly, J. (1991). Oceanic micronektonic/macrozooplanktonic community structure and feeding in ice covered Antarctic waters during the winter (AMERIEZ 1988). Polar Biol. 11, pp. 157-167.",""
"Malenka","Hydropsyche",5.555555556,0.596340159,"Arthropoda","Insecta","Plecoptera","Nemouridae","Malenka",8.333333333,5.40467727,"Arthropoda","Insecta","Trichoptera","Hydropsychidae","Hydropsyche","family","genus",2,"@article{Lancraft_1991, doi = {10.1007/bf00240204}, url = {https://doi.org/10.1007%2Fbf00240204}, year = 1991, month = {jun}, publisher = {Springer Nature}, volume = {11}, number = {3}, author = {Thomas M. Lancraft and Thomas L. Hopkins and Joseph J. Torres and Joseph Donnelly}, title = {Oceanic micronektonic/macrozooplanktonic community structure and feeding in ice covered Antarctic waters during the winter ({AMERIEZ} 1988)}, journal = {Polar Biology}},Lancraft, T.M., Hopkins, T.L., Torres, J.J., and Donnelly, J. (1991). Oceanic micronektonic/macrozooplanktonic community structure and feeding in ice covered Antarctic waters during the winter (AMERIEZ 1988). Polar Biol. 11, pp. 157-167.",""
"Malenka","Rhyacophila",5.555555556,0.596340159,"Arthropoda","Insecta","Plecoptera","Nemouridae","Malenka",6.944444444,5.337910712,"Arthropoda","Insecta","Trichoptera","Rhyacophilidae","Rhyacophila","family","exact",1,"@article{Lancraft_1991, doi = {10.1007/bf00240204}, url = {https://doi.org/10.1007%2Fbf00240204}, year = 1991, month = {jun}, publisher = {Springer Nature}, volume = {11}, number = {3}, author = {Thomas M. Lancraft and Thomas L. Hopkins and Joseph J. Torres and Joseph Donnelly}, title = {Oceanic micronektonic/macrozooplanktonic community structure and feeding in ice covered Antarctic waters during the winter ({AMERIEZ} 1988)}, journal = {Polar Biology}},Lancraft, T.M., Hopkins, T.L., Torres, J.J., and Donnelly, J. (1991). Oceanic micronektonic/macrozooplanktonic community structure and feeding in ice covered Antarctic waters during the winter (AMERIEZ 1988). Polar Biol. 11, pp. 157-167.",""
"Oligochaeta","Chironomidae",11.11111111,0.506640431,"Annelida","Clitellata",,,,50,0.95630662,"Arthropoda","Insecta","Diptera","Chironomidae",,"exact","exact",1,"@article{Lancraft_1991, doi = {10.1007/bf00240204}, url = {https://doi.org/10.1007%2Fbf00240204}, year = 1991, month = {jun}, publisher = {Springer Nature}, volume = {11}, number = {3}, author = {Thomas M. Lancraft and Thomas L. Hopkins and Joseph J. Torres and Joseph Donnelly}, title = {Oceanic micronektonic/macrozooplanktonic community structure and feeding in ice covered Antarctic waters during the winter ({AMERIEZ} 1988)}, journal = {Polar Biology}},Lancraft, T.M., Hopkins, T.L., Torres, J.J., and Donnelly, J. (1991). Oceanic micronektonic/macrozooplanktonic community structure and feeding in ice covered Antarctic waters during the winter (AMERIEZ 1988). Polar Biol. 11, pp. 157-167.",""
"Oligochaeta","Dicranota",11.11111111,0.506640431,"Annelida","Clitellata",,,,1.388888889,0.456662436,"Arthropoda","Insecta","Diptera","Tipulidae","Dicranota","exact","family",1,"@article{Lancraft_1991, doi = {10.1007/bf00240204}, url = {https://doi.org/10.1007%2Fbf00240204}, year = 1991, month = {jun}, publisher = {Springer Nature}, volume = {11}, number = {3}, author = {Thomas M. Lancraft and Thomas L. Hopkins and Joseph J. Torres and Joseph Donnelly}, title = {Oceanic micronektonic/macrozooplanktonic community structure and feeding in ice covered Antarctic waters during the winter ({AMERIEZ} 1988)}, journal = {Polar Biology}},Lancraft, T.M., Hopkins, T.L., Torres, J.J., and Donnelly, J. (1991). Oceanic micronektonic/macrozooplanktonic community structure and feeding in ice covered Antarctic waters during the winter (AMERIEZ 1988). Polar Biol. 11, pp. 157-167.",""
"Oligochaeta","Hydropsyche",11.11111111,0.506640431,"Annelida","Clitellata",,,,8.333333333,5.40467727,"Arthropoda","Insecta","Trichoptera","Hydropsychidae","Hydropsyche","exact","family",3,"@article{Lancraft_1991, doi = {10.1007/bf00240204}, url = {https://doi.org/10.1007%2Fbf00240204}, year = 1991, month = {jun}, publisher = {Springer Nature}, volume = {11}, number = {3}, author = {Thomas M. Lancraft and Thomas L. Hopkins and Joseph J. Torres and Joseph Donnelly}, title = {Oceanic micronektonic/macrozooplanktonic community structure and feeding in ice covered Antarctic waters during the winter ({AMERIEZ} 1988)}, journal = {Polar Biology}},Lancraft, T.M., Hopkins, T.L., Torres, J.J., and Donnelly, J. (1991). Oceanic micronektonic/macrozooplanktonic community structure and feeding in ice covered Antarctic waters during the winter (AMERIEZ 1988). Polar Biol. 11, pp. 157-167.",""
"Oligochaeta","Oligochaeta",11.11111111,0.506640431,"Annelida","Clitellata",,,,11.11111111,0.506640431,"Annelida","Clitellata",,,,"exact","exact",2,"@article{Lancraft_1991, doi = {10.1007/bf00240204}, url = {https://doi.org/10.1007%2Fbf00240204}, year = 1991, month = {jun}, publisher = {Springer Nature}, volume = {11}, number = {3}, author = {Thomas M. Lancraft and Thomas L. Hopkins and Joseph J. Torres and Joseph Donnelly}, title = {Oceanic micronektonic/macrozooplanktonic community structure and feeding in ice covered Antarctic waters during the winter ({AMERIEZ} 1988)}, journal = {Polar Biology}},Lancraft, T.M., Hopkins, T.L., Torres, J.J., and Donnelly, J. (1991). Oceanic micronektonic/macrozooplanktonic community structure and feeding in ice covered Antarctic waters during the winter (AMERIEZ 1988). Polar Biol. 11, pp. 157-167.",""
"Oligochaeta","Suwallia",11.11111111,0.506640431,"Annelida","Clitellata",,,,2.777777778,2.473558448,"Arthropoda","Insecta","Plecoptera","Chloroperlidae","Suwallia","exact","family",1,"@article{Lancraft_1991, doi = {10.1007/bf00240204}, url = {https://doi.org/10.1007%2Fbf00240204}, year = 1991, month = {jun}, publisher = {Springer Nature}, volume = {11}, number = {3}, author = {Thomas M. Lancraft and Thomas L. Hopkins and Joseph J. Torres and Joseph Donnelly}, title = {Oceanic micronektonic/macrozooplanktonic community structure and feeding in ice covered Antarctic waters during the winter ({AMERIEZ} 1988)}, journal = {Polar Biology}},Lancraft, T.M., Hopkins, T.L., Torres, J.J., and Donnelly, J. (1991). Oceanic micronektonic/macrozooplanktonic community structure and feeding in ice covered Antarctic waters during the winter (AMERIEZ 1988). Polar Biol. 11, pp. 157-167.",""
"Ostracoda","Brachycentrus",1.388888889,0.014,"Arthropoda","Ostracoda",,,,2.777777778,10.9444965,"Arthropoda","Insecta","Trichoptera","Brachycentridae","Brachycentrus","exact","genus",7,"@article{Lancraft_1991, doi = {10.1007/bf00240204}, url = {https://doi.org/10.1007%2Fbf00240204}, year = 1991, month = {jun}, publisher = {Springer Nature}, volume = {11}, number = {3}, author = {Thomas M. Lancraft and Thomas L. Hopkins and Joseph J. Torres and Joseph Donnelly}, title = {Oceanic micronektonic/macrozooplanktonic community structure and feeding in ice covered Antarctic waters during the winter ({AMERIEZ} 1988)}, journal = {Polar Biology}},Lancraft, T.M., Hopkins, T.L., Torres, J.J., and Donnelly, J. (1991). Oceanic micronektonic/macrozooplanktonic community structure and feeding in ice covered Antarctic waters during the winter (AMERIEZ 1988). Polar Biol. 11, pp. 157-167.",""
"Ostracoda","Chironomidae",1.388888889,0.014,"Arthropoda","Ostracoda",,,,50,0.95630662,"Arthropoda","Insecta","Diptera","Chironomidae",,"exact","exact",1,"@article{Lancraft_1991, doi = {10.1007/bf00240204}, url = {https://doi.org/10.1007%2Fbf00240204}, year = 1991, month = {jun}, publisher = {Springer Nature}, volume = {11}, number = {3}, author = {Thomas M. Lancraft and Thomas L. Hopkins and Joseph J. Torres and Joseph Donnelly}, title = {Oceanic micronektonic/macrozooplanktonic community structure and feeding in ice covered Antarctic waters during the winter ({AMERIEZ} 1988)}, journal = {Polar Biology}},Lancraft, T.M., Hopkins, T.L., Torres, J.J., and Donnelly, J. (1991). Oceanic micronektonic/macrozooplanktonic community structure and feeding in ice covered Antarctic waters during the winter (AMERIEZ 1988). Polar Biol. 11, pp. 157-167.",""
"Ostracoda","Doroneuria",1.388888889,0.014,"Arthropoda","Ostracoda",,,,1.388888889,47.55178364,"Arthropoda","Insecta","Plecoptera","Perlidae","Doroneuria","exact","family",2,"@article{Lancraft_1991, doi = {10.1007/bf00240204}, url = {https://doi.org/10.1007%2Fbf00240204}, year = 1991, month = {jun}, publisher = {Springer Nature}, volume = {11}, number = {3}, author = {Thomas M. Lancraft and Thomas L. Hopkins and Joseph J. Torres and Joseph Donnelly}, title = {Oceanic micronektonic/macrozooplanktonic community structure and feeding in ice covered Antarctic waters during the winter ({AMERIEZ} 1988)}, journal = {Polar Biology}},Lancraft, T.M., Hopkins, T.L., Torres, J.J., and Donnelly, J. (1991). Oceanic micronektonic/macrozooplanktonic community structure and feeding in ice covered Antarctic waters during the winter (AMERIEZ 1988). Polar Biol. 11, pp. 157-167.",""
"Ostracoda","Hydropsyche",1.388888889,0.014,"Arthropoda","Ostracoda",,,,8.333333333,5.40467727,"Arthropoda","Insecta","Trichoptera","Hydropsychidae","Hydropsyche","exact","family",2,"@article{Lancraft_1991, doi = {10.1007/bf00240204}, url = {https://doi.org/10.1007%2Fbf00240204}, year = 1991, month = {jun}, publisher = {Springer Nature}, volume = {11}, number = {3}, author = {Thomas M. Lancraft and Thomas L. Hopkins and Joseph J. Torres and Joseph Donnelly}, title = {Oceanic micronektonic/macrozooplanktonic community structure and feeding in ice covered Antarctic waters during the winter ({AMERIEZ} 1988)}, journal = {Polar Biology}},Lancraft, T.M., Hopkins, T.L., Torres, J.J., and Donnelly, J. (1991). Oceanic micronektonic/macrozooplanktonic community structure and feeding in ice covered Antarctic waters during the winter (AMERIEZ 1988). Polar Biol. 11, pp. 157-167.",""
"Ostracoda","Ostracoda",1.388888889,0.014,"Arthropoda","Ostracoda",,,,1.388888889,0.014,"Arthropoda","Ostracoda",,,,"exact","exact",4,"@article{Lancraft_1991, doi = {10.1007/bf00240204}, url = {https://doi.org/10.1007%2Fbf00240204}, year = 1991, month = {jun}, publisher = {Springer Nature}, volume = {11}, number = {3}, author = {Thomas M. Lancraft and Thomas L. Hopkins and Joseph J. Torres and Joseph Donnelly}, title = {Oceanic micronektonic/macrozooplanktonic community structure and feeding in ice covered Antarctic waters during the winter ({AMERIEZ} 1988)}, journal = {Polar Biology}},Lancraft, T.M., Hopkins, T.L., Torres, J.J., and Donnelly, J. (1991). Oceanic micronektonic/macrozooplanktonic community structure and feeding in ice covered Antarctic waters during the winter (AMERIEZ 1988). Polar Biol. 11, pp. 157-167.",""
"Paraleptophlebia","Chironomidae",12.5,1.004883072,"Arthropoda","Insecta","Ephemeroptera","Leptophlebiidae","Paraleptophlebia",50,0.95630662,"Arthropoda","Insecta","Diptera","Chironomidae",,"exact","family",2,"@article{Lancraft_1991, doi = {10.1007/bf00240204}, url = {https://doi.org/10.1007%2Fbf00240204}, year = 1991, month = {jun}, publisher = {Springer Nature}, volume = {11}, number = {3}, author = {Thomas M. Lancraft and Thomas L. Hopkins and Joseph J. Torres and Joseph Donnelly}, title = {Oceanic micronektonic/macrozooplanktonic community structure and feeding in ice covered Antarctic waters during the winter ({AMERIEZ} 1988)}, journal = {Polar Biology}},Lancraft, T.M., Hopkins, T.L., Torres, J.J., and Donnelly, J. (1991). Oceanic micronektonic/macrozooplanktonic community structure and feeding in ice covered Antarctic waters during the winter (AMERIEZ 1988). Polar Biol. 11, pp. 157-167.",""
"Paraleptophlebia","Cleptelmis",12.5,1.004883072,"Arthropoda","Insecta","Ephemeroptera","Leptophlebiidae","Paraleptophlebia",1.388888889,0.33255826,"Arthropoda","Insecta","Coleoptera","Elmidae","Cleptelmis","family","family",1,"@article{Lancraft_1991, doi = {10.1007/bf00240204}, url = {https://doi.org/10.1007%2Fbf00240204}, year = 1991, month = {jun}, publisher = {Springer Nature}, volume = {11}, number = {3}, author = {Thomas M. Lancraft and Thomas L. Hopkins and Joseph J. Torres and Joseph Donnelly}, title = {Oceanic micronektonic/macrozooplanktonic community structure and feeding in ice covered Antarctic waters during the winter ({AMERIEZ} 1988)}, journal = {Polar Biology}},Lancraft, T.M., Hopkins, T.L., Torres, J.J., and Donnelly, J. (1991). Oceanic micronektonic/macrozooplanktonic community structure and feeding in ice covered Antarctic waters during the winter (AMERIEZ 1988). Polar Biol. 11, pp. 157-167.",""
"Paraleptophlebia","Dicranota",12.5,1.004883072,"Arthropoda","Insecta","Ephemeroptera","Leptophlebiidae","Paraleptophlebia",1.388888889,0.456662436,"Arthropoda","Insecta","Diptera","Tipulidae","Dicranota","family","family",2,"@article{Lancraft_1991, doi = {10.1007/bf00240204}, url = {https://doi.org/10.1007%2Fbf00240204}, year = 1991, month = {jun}, publisher = {Springer Nature}, volume = {11}, number = {3}, author = {Thomas M. Lancraft and Thomas L. Hopkins and Joseph J. Torres and Joseph Donnelly}, title = {Oceanic micronektonic/macrozooplanktonic community structure and feeding in ice covered Antarctic waters during the winter ({AMERIEZ} 1988)}, journal = {Polar Biology}},Lancraft, T.M., Hopkins, T.L., Torres, J.J., and Donnelly, J. (1991). Oceanic micronektonic/macrozooplanktonic community structure and feeding in ice covered Antarctic waters during the winter (AMERIEZ 1988). Polar Biol. 11, pp. 157-167.",""
"Paraleptophlebia","Doroneuria",12.5,1.004883072,"Arthropoda","Insecta","Ephemeroptera","Leptophlebiidae","Paraleptophlebia",1.388888889,47.55178364,"Arthropoda","Insecta","Plecoptera","Perlidae","Doroneuria","exact","family",1,"@article{Lancraft_1991, doi = {10.1007/bf00240204}, url = {https://doi.org/10.1007%2Fbf00240204}, year = 1991, month = {jun}, publisher = {Springer Nature}, volume = {11}, number = {3}, author = {Thomas M. Lancraft and Thomas L. Hopkins and Joseph J. Torres and Joseph Donnelly}, title = {Oceanic micronektonic/macrozooplanktonic community structure and feeding in ice covered Antarctic waters during the winter ({AMERIEZ} 1988)}, journal = {Polar Biology}},Lancraft, T.M., Hopkins, T.L., Torres, J.J., and Donnelly, J. (1991). Oceanic micronektonic/macrozooplanktonic community structure and feeding in ice covered Antarctic waters during the winter (AMERIEZ 1988). Polar Biol. 11, pp. 157-167.",""
"Paraleptophlebia","Heterlimnius",12.5,1.004883072,"Arthropoda","Insecta","Ephemeroptera","Leptophlebiidae","Paraleptophlebia",6.944444444,0.562121954,"Arthropoda","Insecta","Coleoptera","Elmidae","Heterlimnius","family","family",1,"@article{Lancraft_1991, doi = {10.1007/bf00240204}, url = {https://doi.org/10.1007%2Fbf00240204}, year = 1991, month = {jun}, publisher = {Springer Nature}, volume = {11}, number = {3}, author = {Thomas M. Lancraft and Thomas L. Hopkins and Joseph J. Torres and Joseph Donnelly}, title = {Oceanic micronektonic/macrozooplanktonic community structure and feeding in ice covered Antarctic waters during the winter ({AMERIEZ} 1988)}, journal = {Polar Biology}},Lancraft, T.M., Hopkins, T.L., Torres, J.J., and Donnelly, J. (1991). Oceanic micronektonic/macrozooplanktonic community structure and feeding in ice covered Antarctic waters during the winter (AMERIEZ 1988). Polar Biol. 11, pp. 157-167.",""
"Paraleptophlebia","Hydropsyche",12.5,1.004883072,"Arthropoda","Insecta","Ephemeroptera","Leptophlebiidae","Paraleptophlebia",8.333333333,5.40467727,"Arthropoda","Insecta","Trichoptera","Hydropsychidae","Hydropsyche","family","family",6,"@article{Lancraft_1991, doi = {10.1007/bf00240204}, url = {https://doi.org/10.1007%2Fbf00240204}, year = 1991, month = {jun}, publisher = {Springer Nature}, volume = {11}, number = {3}, author = {Thomas M. Lancraft and Thomas L. Hopkins and Joseph J. Torres and Joseph Donnelly}, title = {Oceanic micronektonic/macrozooplanktonic community structure and feeding in ice covered Antarctic waters during the winter ({AMERIEZ} 1988)}, journal = {Polar Biology}},Lancraft, T.M., Hopkins, T.L., Torres, J.J., and Donnelly, J. (1991). Oceanic micronektonic/macrozooplanktonic community structure and feeding in ice covered Antarctic waters during the winter (AMERIEZ 1988). Polar Biol. 11, pp. 157-167.",""
"Pisidium","Oligochaeta",12.5,0.102405857,"Mollusca","Bivalvia","Veneroida","Pisidiidae","Pisidium",11.11111111,0.506640431,"Annelida","Clitellata",,,,"exact","exact",1,"@article{Lancraft_1991, doi = {10.1007/bf00240204}, url = {https://doi.org/10.1007%2Fbf00240204}, year = 1991, month = {jun}, publisher = {Springer Nature}, volume = {11}, number = {3}, author = {Thomas M. Lancraft and Thomas L. Hopkins and Joseph J. Torres and Joseph Donnelly}, title = {Oceanic micronektonic/macrozooplanktonic community structure and feeding in ice covered Antarctic waters during the winter ({AMERIEZ} 1988)}, journal = {Polar Biology}},Lancraft, T.M., Hopkins, T.L., Torres, J.J., and Donnelly, J. (1991). Oceanic micronektonic/macrozooplanktonic community structure and feeding in ice covered Antarctic waters during the winter (AMERIEZ 1988). Polar Biol. 11, pp. 157-167.",""
"Pisidium","Rhyacophila",12.5,0.102405857,"Mollusca","Bivalvia","Veneroida","Pisidiidae","Pisidium",6.944444444,5.337910712,"Arthropoda","Insecta","Trichoptera","Rhyacophilidae","Rhyacophila","exact","genus",8,"@article{Lancraft_1991, doi = {10.1007/bf00240204}, url = {https://doi.org/10.1007%2Fbf00240204}, year = 1991, month = {jun}, publisher = {Springer Nature}, volume = {11}, number = {3}, author = {Thomas M. Lancraft and Thomas L. Hopkins and Joseph J. Torres and Joseph Donnelly}, title = {Oceanic micronektonic/macrozooplanktonic community structure and feeding in ice covered Antarctic waters during the winter ({AMERIEZ} 1988)}, journal = {Polar Biology}},Lancraft, T.M., Hopkins, T.L., Torres, J.J., and Donnelly, J. (1991). Oceanic micronektonic/macrozooplanktonic community structure and feeding in ice covered Antarctic waters during the winter (AMERIEZ 1988). Polar Biol. 11, pp. 157-167.",""
"Rhyacophila","Doroneuria",6.944444444,5.337910712,"Arthropoda","Insecta","Trichoptera","Rhyacophilidae","Rhyacophila",1.388888889,47.55178364,"Arthropoda","Insecta","Plecoptera","Perlidae","Doroneuria","exact","family",15,"@article{Lancraft_1991, doi = {10.1007/bf00240204}, url = {https://doi.org/10.1007%2Fbf00240204}, year = 1991, month = {jun}, publisher = {Springer Nature}, volume = {11}, number = {3}, author = {Thomas M. Lancraft and Thomas L. Hopkins and Joseph J. Torres and Joseph Donnelly}, title = {Oceanic micronektonic/macrozooplanktonic community structure and feeding in ice covered Antarctic waters during the winter ({AMERIEZ} 1988)}, journal = {Polar Biology}},Lancraft, T.M., Hopkins, T.L., Torres, J.J., and Donnelly, J. (1991). Oceanic micronektonic/macrozooplanktonic community structure and feeding in ice covered Antarctic waters during the winter (AMERIEZ 1988). Polar Biol. 11, pp. 157-167.",""
"Rhyacophila","Rhyacophila",6.944444444,5.337910712,"Arthropoda","Insecta","Trichoptera","Rhyacophilidae","Rhyacophila",6.944444444,5.337910712,"Arthropoda","Insecta","Trichoptera","Rhyacophilidae","Rhyacophila","exact","exact",1,"@article{Lancraft_1991, doi = {10.1007/bf00240204}, url = {https://doi.org/10.1007%2Fbf00240204}, year = 1991, month = {jun}, publisher = {Springer Nature}, volume = {11}, number = {3}, author = {Thomas M. Lancraft and Thomas L. Hopkins and Joseph J. Torres and Joseph Donnelly}, title = {Oceanic micronektonic/macrozooplanktonic community structure and feeding in ice covered Antarctic waters during the winter ({AMERIEZ} 1988)}, journal = {Polar Biology}},Lancraft, T.M., Hopkins, T.L., Torres, J.J., and Donnelly, J. (1991). Oceanic micronektonic/macrozooplanktonic community structure and feeding in ice covered Antarctic waters during the winter (AMERIEZ 1988). Polar Biol. 11, pp. 157-167.",""
"Serratella","Dicranota",4.166666667,1.176798991,"Arthropoda","Insecta","Ephemeroptera","Ephemerellidae","Serratella",1.388888889,0.456662436,"Arthropoda","Insecta","Diptera","Tipulidae","Dicranota","genus","exact",4,"@article{Lancraft_1991, doi = {10.1007/bf00240204}, url = {https://doi.org/10.1007%2Fbf00240204}, year = 1991, month = {jun}, publisher = {Springer Nature}, volume = {11}, number = {3}, author = {Thomas M. Lancraft and Thomas L. Hopkins and Joseph J. Torres and Joseph Donnelly}, title = {Oceanic micronektonic/macrozooplanktonic community structure and feeding in ice covered Antarctic waters during the winter ({AMERIEZ} 1988)}, journal = {Polar Biology}},Lancraft, T.M., Hopkins, T.L., Torres, J.J., and Donnelly, J. (1991). Oceanic micronektonic/macrozooplanktonic community structure and feeding in ice covered Antarctic waters during the winter (AMERIEZ 1988). Polar Biol. 11, pp. 157-167.",""
"Serratella","Doroneuria",4.166666667,1.176798991,"Arthropoda","Insecta","Ephemeroptera","Ephemerellidae","Serratella",1.388888889,47.55178364,"Arthropoda","Insecta","Plecoptera","Perlidae","Doroneuria","family","family",10,"@article{Lancraft_1991, doi = {10.1007/bf00240204}, url = {https://doi.org/10.1007%2Fbf00240204}, year = 1991, month = {jun}, publisher = {Springer Nature}, volume = {11}, number = {3}, author = {Thomas M. Lancraft and Thomas L. Hopkins and Joseph J. Torres and Joseph Donnelly}, title = {Oceanic micronektonic/macrozooplanktonic community structure and feeding in ice covered Antarctic waters during the winter ({AMERIEZ} 1988)}, journal = {Polar Biology}},Lancraft, T.M., Hopkins, T.L., Torres, J.J., and Donnelly, J. (1991). Oceanic micronektonic/macrozooplanktonic community structure and feeding in ice covered Antarctic waters during the winter (AMERIEZ 1988). Polar Biol. 11, pp. 157-167.",""
"Serratella","Hydropsyche",4.166666667,1.176798991,"Arthropoda","Insecta","Ephemeroptera","Ephemerellidae","Serratella",8.333333333,5.40467727,"Arthropoda","Insecta","Trichoptera","Hydropsychidae","Hydropsyche","genus","genus",6,"@article{Lancraft_1991, doi = {10.1007/bf00240204}, url = {https://doi.org/10.1007%2Fbf00240204}, year = 1991, month = {jun}, publisher = {Springer Nature}, volume = {11}, number = {3}, author = {Thomas M. Lancraft and Thomas L. Hopkins and Joseph J. Torres and Joseph Donnelly}, title = {Oceanic micronektonic/macrozooplanktonic community structure and feeding in ice covered Antarctic waters during the winter ({AMERIEZ} 1988)}, journal = {Polar Biology}},Lancraft, T.M., Hopkins, T.L., Torres, J.J., and Donnelly, J. (1991). Oceanic micronektonic/macrozooplanktonic community structure and feeding in ice covered Antarctic waters during the winter (AMERIEZ 1988). Polar Biol. 11, pp. 157-167.",""
"Serratella","Rhyacophila",4.166666667,1.176798991,"Arthropoda","Insecta","Ephemeroptera","Ephemerellidae","Serratella",6.944444444,5.337910712,"Arthropoda","Insecta","Trichoptera","Rhyacophilidae","Rhyacophila","family","genus",4,"@article{Lancraft_1991, doi = {10.1007/bf00240204}, url = {https://doi.org/10.1007%2Fbf00240204}, year = 1991, month = {jun}, publisher = {Springer Nature}, volume = {11}, number = {3}, author = {Thomas M. Lancraft and Thomas L. Hopkins and Joseph J. Torres and Joseph Donnelly}, title = {Oceanic micronektonic/macrozooplanktonic community structure and feeding in ice covered Antarctic waters during the winter ({AMERIEZ} 1988)}, journal = {Polar Biology}},Lancraft, T.M., Hopkins, T.L., Torres, J.J., and Donnelly, J. (1991). Oceanic micronektonic/macrozooplanktonic community structure and feeding in ice covered Antarctic waters during the winter (AMERIEZ 1988). Polar Biol. 11, pp. 157-167.",""
"Simulium","Brachycentrus",6.944444444,0.357951466,"Arthropoda","Insecta","Diptera","Simuliidae","Simulium",2.777777778,10.9444965,"Arthropoda","Insecta","Trichoptera","Brachycentridae","Brachycentrus","genus","exact",4,"@article{Lancraft_1991, doi = {10.1007/bf00240204}, url = {https://doi.org/10.1007%2Fbf00240204}, year = 1991, month = {jun}, publisher = {Springer Nature}, volume = {11}, number = {3}, author = {Thomas M. Lancraft and Thomas L. Hopkins and Joseph J. Torres and Joseph Donnelly}, title = {Oceanic micronektonic/macrozooplanktonic community structure and feeding in ice covered Antarctic waters during the winter ({AMERIEZ} 1988)}, journal = {Polar Biology}},Lancraft, T.M., Hopkins, T.L., Torres, J.J., and Donnelly, J. (1991). Oceanic micronektonic/macrozooplanktonic community structure and feeding in ice covered Antarctic waters during the winter (AMERIEZ 1988). Polar Biol. 11, pp. 157-167.",""
"Simulium","Chironomidae",6.944444444,0.357951466,"Arthropoda","Insecta","Diptera","Simuliidae","Simulium",50,0.95630662,"Arthropoda","Insecta","Diptera","Chironomidae",,"exact","family",13,"@article{Lancraft_1991, doi = {10.1007/bf00240204}, url = {https://doi.org/10.1007%2Fbf00240204}, year = 1991, month = {jun}, publisher = {Springer Nature}, volume = {11}, number = {3}, author = {Thomas M. Lancraft and Thomas L. Hopkins and Joseph J. Torres and Joseph Donnelly}, title = {Oceanic micronektonic/macrozooplanktonic community structure and feeding in ice covered Antarctic waters during the winter ({AMERIEZ} 1988)}, journal = {Polar Biology}},Lancraft, T.M., Hopkins, T.L., Torres, J.J., and Donnelly, J. (1991). Oceanic micronektonic/macrozooplanktonic community structure and feeding in ice covered Antarctic waters during the winter (AMERIEZ 1988). Polar Biol. 11, pp. 157-167.",""
"Simulium","Dicranota",6.944444444,0.357951466,"Arthropoda","Insecta","Diptera","Simuliidae","Simulium",1.388888889,0.456662436,"Arthropoda","Insecta","Diptera","Tipulidae","Dicranota","genus","exact",4,"@article{Lancraft_1991, doi = {10.1007/bf00240204}, url = {https://doi.org/10.1007%2Fbf00240204}, year = 1991, month = {jun}, publisher = {Springer Nature}, volume = {11}, number = {3}, author = {Thomas M. Lancraft and Thomas L. Hopkins and Joseph J. Torres and Joseph Donnelly}, title = {Oceanic micronektonic/macrozooplanktonic community structure and feeding in ice covered Antarctic waters during the winter ({AMERIEZ} 1988)}, journal = {Polar Biology}},Lancraft, T.M., Hopkins, T.L., Torres, J.J., and Donnelly, J. (1991). Oceanic micronektonic/macrozooplanktonic community structure and feeding in ice covered Antarctic waters during the winter (AMERIEZ 1988). Polar Biol. 11, pp. 157-167.",""
"Simulium","Doroneuria",6.944444444,0.357951466,"Arthropoda","Insecta","Diptera","Simuliidae","Simulium",1.388888889,47.55178364,"Arthropoda","Insecta","Plecoptera","Perlidae","Doroneuria","exact","family",16,"@article{Lancraft_1991, doi = {10.1007/bf00240204}, url = {https://doi.org/10.1007%2Fbf00240204}, year = 1991, month = {jun}, publisher = {Springer Nature}, volume = {11}, number = {3}, author = {Thomas M. Lancraft and Thomas L. Hopkins and Joseph J. Torres and Joseph Donnelly}, title = {Oceanic micronektonic/macrozooplanktonic community structure and feeding in ice covered Antarctic waters during the winter ({AMERIEZ} 1988)}, journal = {Polar Biology}},Lancraft, T.M., Hopkins, T.L., Torres, J.J., and Donnelly, J. (1991). Oceanic micronektonic/macrozooplanktonic community structure and feeding in ice covered Antarctic waters during the winter (AMERIEZ 1988). Polar Biol. 11, pp. 157-167.",""
"Simulium","Hydropsyche",6.944444444,0.357951466,"Arthropoda","Insecta","Diptera","Simuliidae","Simulium",8.333333333,5.40467727,"Arthropoda","Insecta","Trichoptera","Hydropsychidae","Hydropsyche","exact","exact",10,"@article{Lancraft_1991, doi = {10.1007/bf00240204}, url = {https://doi.org/10.1007%2Fbf00240204}, year = 1991, month = {jun}, publisher = {Springer Nature}, volume = {11}, number = {3}, author = {Thomas M. Lancraft and Thomas L. Hopkins and Joseph J. Torres and Joseph Donnelly}, title = {Oceanic micronektonic/macrozooplanktonic community structure and feeding in ice covered Antarctic waters during the winter ({AMERIEZ} 1988)}, journal = {Polar Biology}},Lancraft, T.M., Hopkins, T.L., Torres, J.J., and Donnelly, J. (1991). Oceanic micronektonic/macrozooplanktonic community structure and feeding in ice covered Antarctic waters during the winter (AMERIEZ 1988). Polar Biol. 11, pp. 157-167.",""
"Simulium","Oligochaeta",6.944444444,0.357951466,"Arthropoda","Insecta","Diptera","Simuliidae","Simulium",11.11111111,0.506640431,"Annelida","Clitellata",,,,"exact","exact",1,"@article{Lancraft_1991, doi = {10.1007/bf00240204}, url = {https://doi.org/10.1007%2Fbf00240204}, year = 1991, month = {jun}, publisher = {Springer Nature}, volume = {11}, number = {3}, author = {Thomas M. Lancraft and Thomas L. Hopkins and Joseph J. Torres and Joseph Donnelly}, title = {Oceanic micronektonic/macrozooplanktonic community structure and feeding in ice covered Antarctic waters during the winter ({AMERIEZ} 1988)}, journal = {Polar Biology}},Lancraft, T.M., Hopkins, T.L., Torres, J.J., and Donnelly, J. (1991). Oceanic micronektonic/macrozooplanktonic community structure and feeding in ice covered Antarctic waters during the winter (AMERIEZ 1988). Polar Biol. 11, pp. 157-167.",""
"Simulium","Rhyacophila",6.944444444,0.357951466,"Arthropoda","Insecta","Diptera","Simuliidae","Simulium",6.944444444,5.337910712,"Arthropoda","Insecta","Trichoptera","Rhyacophilidae","Rhyacophila","exact","exact",4,"@article{Lancraft_1991, doi = {10.1007/bf00240204}, url = {https://doi.org/10.1007%2Fbf00240204}, year = 1991, month = {jun}, publisher = {Springer Nature}, volume = {11}, number = {3}, author = {Thomas M. Lancraft and Thomas L. Hopkins and Joseph J. Torres and Joseph Donnelly}, title = {Oceanic micronektonic/macrozooplanktonic community structure and feeding in ice covered Antarctic waters during the winter ({AMERIEZ} 1988)}, journal = {Polar Biology}},Lancraft, T.M., Hopkins, T.L., Torres, J.J., and Donnelly, J. (1991). Oceanic micronektonic/macrozooplanktonic community structure and feeding in ice covered Antarctic waters during the winter (AMERIEZ 1988). Polar Biol. 11, pp. 157-167.",""
"Simulium","Simulium",6.944444444,0.357951466,"Arthropoda","Insecta","Diptera","Simuliidae","Simulium",6.944444444,0.357951466,"Arthropoda","Insecta","Diptera","Simuliidae","Simulium","exact","exact",5,"@article{Lancraft_1991, doi = {10.1007/bf00240204}, url = {https://doi.org/10.1007%2Fbf00240204}, year = 1991, month = {jun}, publisher = {Springer Nature}, volume = {11}, number = {3}, author = {Thomas M. Lancraft and Thomas L. Hopkins and Joseph J. Torres and Joseph Donnelly}, title = {Oceanic micronektonic/macrozooplanktonic community structure and feeding in ice covered Antarctic waters during the winter ({AMERIEZ} 1988)}, journal = {Polar Biology}},Lancraft, T.M., Hopkins, T.L., Torres, J.J., and Donnelly, J. (1991). Oceanic micronektonic/macrozooplanktonic community structure and feeding in ice covered Antarctic waters during the winter (AMERIEZ 1988). Polar Biol. 11, pp. 157-167.",""
"Simulium","Suwallia",6.944444444,0.357951466,"Arthropoda","Insecta","Diptera","Simuliidae","Simulium",2.777777778,2.473558448,"Arthropoda","Insecta","Plecoptera","Chloroperlidae","Suwallia","exact","family",24,"@article{Lancraft_1991, doi = {10.1007/bf00240204}, url = {https://doi.org/10.1007%2Fbf00240204}, year = 1991, month = {jun}, publisher = {Springer Nature}, volume = {11}, number = {3}, author = {Thomas M. Lancraft and Thomas L. Hopkins and Joseph J. Torres and Joseph Donnelly}, title = {Oceanic micronektonic/macrozooplanktonic community structure and feeding in ice covered Antarctic waters during the winter ({AMERIEZ} 1988)}, journal = {Polar Biology}},Lancraft, T.M., Hopkins, T.L., Torres, J.J., and Donnelly, J. (1991). Oceanic micronektonic/macrozooplanktonic community structure and feeding in ice covered Antarctic waters during the winter (AMERIEZ 1988). Polar Biol. 11, pp. 157-167.",""
"Suwallia","Chironomidae",2.777777778,2.473558448,"Arthropoda","Insecta","Plecoptera","Chloroperlidae","Suwallia",50,0.95630662,"Arthropoda","Insecta","Diptera","Chironomidae",,"family","family",5,"@article{Lancraft_1991, doi = {10.1007/bf00240204}, url = {https://doi.org/10.1007%2Fbf00240204}, year = 1991, month = {jun}, publisher = {Springer Nature}, volume = {11}, number = {3}, author = {Thomas M. Lancraft and Thomas L. Hopkins and Joseph J. Torres and Joseph Donnelly}, title = {Oceanic micronektonic/macrozooplanktonic community structure and feeding in ice covered Antarctic waters during the winter ({AMERIEZ} 1988)}, journal = {Polar Biology}},Lancraft, T.M., Hopkins, T.L., Torres, J.J., and Donnelly, J. (1991). Oceanic micronektonic/macrozooplanktonic community structure and feeding in ice covered Antarctic waters during the winter (AMERIEZ 1988). Polar Biol. 11, pp. 157-167.",""
"Suwallia","Rhyacophila",2.777777778,2.473558448,"Arthropoda","Insecta","Plecoptera","Chloroperlidae","Suwallia",6.944444444,5.337910712,"Arthropoda","Insecta","Trichoptera","Rhyacophilidae","Rhyacophila","family","exact",1,"@article{Lancraft_1991, doi = {10.1007/bf00240204}, url = {https://doi.org/10.1007%2Fbf00240204}, year = 1991, month = {jun}, publisher = {Springer Nature}, volume = {11}, number = {3}, author = {Thomas M. Lancraft and Thomas L. Hopkins and Joseph J. Torres and Joseph Donnelly}, title = {Oceanic micronektonic/macrozooplanktonic community structure and feeding in ice covered Antarctic waters during the winter ({AMERIEZ} 1988)}, journal = {Polar Biology}},Lancraft, T.M., Hopkins, T.L., Torres, J.J., and Donnelly, J. (1991). Oceanic micronektonic/macrozooplanktonic community structure and feeding in ice covered Antarctic waters during the winter (AMERIEZ 1988). Polar Biol. 11, pp. 157-167.",""
"Suwallia","Suwallia",2.777777778,2.473558448,"Arthropoda","Insecta","Plecoptera","Chloroperlidae","Suwallia",2.777777778,2.473558448,"Arthropoda","Insecta","Plecoptera","Chloroperlidae","Suwallia","family","family",4,"@article{Lancraft_1991, doi = {10.1007/bf00240204}, url = {https://doi.org/10.1007%2Fbf00240204}, year = 1991, month = {jun}, publisher = {Springer Nature}, volume = {11}, number = {3}, author = {Thomas M. Lancraft and Thomas L. Hopkins and Joseph J. Torres and Joseph Donnelly}, title = {Oceanic micronektonic/macrozooplanktonic community structure and feeding in ice covered Antarctic waters during the winter ({AMERIEZ} 1988)}, journal = {Polar Biology}},Lancraft, T.M., Hopkins, T.L., Torres, J.J., and Donnelly, J. (1991). Oceanic micronektonic/macrozooplanktonic community structure and feeding in ice covered Antarctic waters during the winter (AMERIEZ 1988). Polar Biol. 11, pp. 157-167.",""
